scope,file,version,status,remote_version,remote_name,sql_comparison,live_assessment,notes,sha256
active,supabase/migrations/20250115120000_update_planning_strategy_enum.sql,20250115120000,unrecorded,,,no_matching_ledger_entry,not_verified,No matching production version/name/complete SQL; historical effects not certified. Do not infer that replay is required.,6b1c30a6f2bf105dd2b8a28ff869e9b0963af8232fa370c9ff2f0d1292d2b5bf
active,supabase/migrations/20250601000001_ontology_system.sql,20250601000001,unrecorded,,,no_matching_ledger_entry,not_verified,No matching production version/name/complete SQL; historical effects not certified. Do not infer that replay is required.,8e30eb6c001b737f96260eac6c82c1effb930de666b857d86e34feedd49f66a7
active,supabase/migrations/20250601000002_ontology_helpers.sql,20250601000002,unrecorded,,,no_matching_ledger_entry,not_verified,No matching production version/name/complete SQL; historical effects not certified. Do not infer that replay is required.,309fd2de2ceb818c5a11042a780e6d78f5b04a382f551c3d158ded5233cffc3e
active,supabase/migrations/20250602000001_add_base_output_templates.sql,20250602000001,unrecorded,,,no_matching_ledger_entry,not_verified,No matching production version/name/complete SQL; historical effects not certified. Do not infer that replay is required.,efa5698906562619286202388e7f8af4c739f22cea4ec570580978baee245a19
active,supabase/migrations/20250603000001_fix_documents_schema.sql,20250603000001,unrecorded,,,no_matching_ledger_entry,not_verified,No matching production version/name/complete SQL; historical effects not certified. Do not infer that replay is required.,6855ea80d03adb9fceb481b2725212ea0e67ac603709e2acc836132a50037d26
active,supabase/migrations/20250605000001_add_missing_base_templates.sql,20250605000001,unrecorded,,,no_matching_ledger_entry,not_verified,No matching production version/name/complete SQL; historical effects not certified. Do not infer that replay is required.,658eb65bcf30d737795f3c16d7b92eab19293bd841572bd61d7e548ddb1e4c68
active,supabase/migrations/20250605000002_update_template_metadata.sql,20250605000002,unrecorded,,,no_matching_ledger_entry,not_verified,No matching production version/name/complete SQL; historical effects not certified. Do not infer that replay is required.,36d821ef83159dcb220c2890d1f91b0f79bd548ed7c345b758b17f7bd882a85b
active,supabase/migrations/20250615000003_fix_fsm_variant_resolution.sql,20250615000003,unrecorded,,,no_matching_ledger_entry,not_verified,No matching production version/name/complete SQL; historical effects not certified. Do not infer that replay is required.,178dee4b015bed8a01a2a317df44efa98e554bcfd6e14edf6f7a3544ba6144fc
active,supabase/migrations/20250615000004_guard_visibility_and_fsm_fix.sql,20250615000004,unrecorded,,,no_matching_ledger_entry,not_verified,No matching production version/name/complete SQL; historical effects not certified. Do not infer that replay is required.,e61324180a9daf18e4cfa25f7790545340427b0b703c7ee5565aac50f599ed85
active,supabase/migrations/20250615000005_fsm_guard_failures.sql,20250615000005,unrecorded,,,no_matching_ledger_entry,not_verified,No matching production version/name/complete SQL; historical effects not certified. Do not infer that replay is required.,d268b46e39a0c184f4d8252a39a09ca9603a5bb42923c6776c4dd3bbf9c14b88
active,supabase/migrations/20251224000000_ontology_search_vectors.sql,20251224000000,unrecorded,,,no_matching_ledger_entry,not_verified,No matching production version/name/complete SQL; historical effects not certified. Do not infer that replay is required.,5dc9fa08bf351801ae8e27d74d925a3f2c9477b41810d0427bbf4a2893da0b55
active,supabase/migrations/20260101_drop_agent_research_tables.sql,20260101,unrecorded,,,no_matching_ledger_entry,not_verified,No matching production version/name/complete SQL; historical effects not certified. Do not infer that replay is required.,aaaa2dd0d4abe06b4e6703f606df2b58fc282304507963e90a56ed394b1b3124
active,supabase/migrations/20260102_increment_chat_session_metrics.sql,20260102,unrecorded,,,no_matching_ledger_entry,not_verified,No matching production version/name/complete SQL; historical effects not certified. Do not infer that replay is required.,28aed96174455d48ce9423347b27748a255c45581ad8af5a077f2d20931add4f
active,supabase/migrations/20260103_extend_onto_project_logs_entity_types.sql,20260103,unrecorded,,,no_matching_ledger_entry,not_verified,No matching production version/name/complete SQL; historical effects not certified. Do not infer that replay is required.,f9eea107a9ec659a8c847340d5c25a53606c66bcd3e5ecf910668e48f2c69d41
active,supabase/migrations/20260112000000_cleanup_unused_rpc_functions.sql,20260112000000,unrecorded,,,no_matching_ledger_entry,not_verified,No matching production version/name/complete SQL; historical effects not certified. Do not infer that replay is required.,c96c2d5fd27f1a023a737ca8f9739c5cd5b43eb2c7da6b4dbc701a7ec1a25046
active,supabase/migrations/20260115_update_chat_context_types.sql,20260115,unrecorded,,,no_matching_ledger_entry,not_verified,No matching production version/name/complete SQL; historical effects not certified. Do not infer that replay is required.,0da926093bba0b4908ef2eb7ab38d086f2ffc6f666fb5b95ccff313a0100de86
active,supabase/migrations/20260116_get_latest_ontology_daily_briefs.sql,20260116,unrecorded,,,no_matching_ledger_entry,not_verified,No matching production version/name/complete SQL; historical effects not certified. Do not infer that replay is required.,aeff27c027ce9df1f1b2521becbbcaa24c3158858c176ea25465d87cae9091a4
active,supabase/migrations/20260116_ontology_brief_query_indexes.sql,20260116,unrecorded,,,no_matching_ledger_entry,not_verified,No matching production version/name/complete SQL; historical effects not certified. Do not infer that replay is required.,9e8096d69f4028729c19d53f5376beca5bcd83761d465f99705fb0b1d8a9bde9
active,supabase/migrations/20260124000000_restore_check_onboarding_complete.sql,20260124000000,unrecorded,,,no_matching_ledger_entry,not_verified,No matching production version/name/complete SQL; historical effects not certified. Do not infer that replay is required.,44d473c77cc7517050054cfd9f813220696230b57aba18b8740c259d246d8203
active,supabase/migrations/20260125_add_type_key_to_onto_decisions.sql,20260125,unrecorded,,,no_matching_ledger_entry,not_verified,No matching production version/name/complete SQL; historical effects not certified. Do not infer that replay is required.,152b6b69eb9805830e4e04a37d0c9a3769882d554327aa23c8c08d2651702c5d
active,supabase/migrations/20260126_120000_homework_runs.sql,20260126,unrecorded,,,no_matching_ledger_entry,not_verified,No matching production version/name/complete SQL; historical effects not certified. Do not infer that replay is required.,f9f243593884bd9ea2c99fa70e3db46fc6ae59575b06a142a927fd00cb8dc8a5
active,supabase/migrations/20260126_130000_fix_homework_workspace_project_fk.sql,20260126,unrecorded,,,no_matching_ledger_entry,not_verified,No matching production version/name/complete SQL; historical effects not certified. Do not infer that replay is required.,30e6e592d95b9cf7d550f488c14c7f35cc0c05f81837b8ff01a044d30d709823
active,supabase/migrations/20260126_140000_homework_workspace_indexes.sql,20260126,unrecorded,,,no_matching_ledger_entry,not_verified,No matching production version/name/complete SQL; historical effects not certified. Do not infer that replay is required.,7f0c71f5a0130a805b6e11e60310ab3a61d3c9db538c56d1d32de07d163061a3
active,supabase/migrations/20260126_150000_add_homework_chat_type.sql,20260126,unrecorded,,,no_matching_ledger_entry,not_verified,No matching production version/name/complete SQL; historical effects not certified. Do not infer that replay is required.,d30f6bda518ac1eff317ee3f437d44d727732c83856354fcc3660ba1628663de
active,supabase/migrations/20260126_extend_document_state_enum.sql,20260126,unrecorded,,,no_matching_ledger_entry,not_verified,No matching production version/name/complete SQL; historical effects not certified. Do not infer that replay is required.,03c1b47e5da4c97608dd986ecf76651d1c6e4820178c42dc5df871fe02217b47
active,supabase/migrations/20260126_update_get_project_full.sql,20260126,unrecorded,,,no_matching_ledger_entry,not_verified,No matching production version/name/complete SQL; historical effects not certified. Do not infer that replay is required.,13e4ced4a657902c113c29c18c4c091b9918b0ac72fff0333c178faf453c8562
active,supabase/migrations/20260127_090000_tree_agent.sql,20260127,unrecorded,,,no_matching_ledger_entry,not_verified,No matching production version/name/complete SQL; historical effects not certified. Do not infer that replay is required.,61545c2344781648a3120a9bb58dfa0c30f831c74f547f5c427c7b6b297d3909
active,supabase/migrations/20260127_100000_tree_agent_context_columns.sql,20260127,unrecorded,,,no_matching_ledger_entry,not_verified,No matching production version/name/complete SQL; historical effects not certified. Do not infer that replay is required.,33a25211d1f65fc7e43ad203afce1b5d65f45d8b94add7326e2b2e41909c5b5e
active,supabase/migrations/20260127_180000_dashboard_calendar.sql,20260127,unrecorded,,,no_matching_ledger_entry,not_verified,No matching production version/name/complete SQL; historical effects not certified. Do not infer that replay is required.,937391f1928566e184155257c260967bf58369ad5678dc2792f082b20a89187a
active,supabase/migrations/20260127_admin_analytics_ontology_updates.sql,20260127,unrecorded,,,no_matching_ledger_entry,not_verified,No matching production version/name/complete SQL; historical effects not certified. Do not infer that replay is required.,c4a676684625bb82223a6fc86bf5b504c6e755f00881091a4b6c0f88652fc861
active,supabase/migrations/20260128000000_add_project_graph_context_rpc.sql,20260128000000,unrecorded,,,no_matching_ledger_entry,not_verified,No matching production version/name/complete SQL; historical effects not certified. Do not infer that replay is required.,5a77809ca642c349c9fa0adf8aeaf03b52f62e17b4404190b0d458b40e643be8
active,supabase/migrations/20260128_update_onto_search_entities_soft_delete.sql,20260128,unrecorded,,,no_matching_ledger_entry,not_verified,No matching production version/name/complete SQL; historical effects not certified. Do not infer that replay is required.,09f3189148737dc65ba9e56e11fba345c1616dd011021590822e1107478d824d
active,supabase/migrations/20260129_align_project_calendars_to_onto_projects.sql,20260129,unrecorded,,,no_matching_ledger_entry,not_verified,No matching production version/name/complete SQL; historical effects not certified. Do not infer that replay is required.,f26f43eb3c3b956ddaa05c23d59e532ce5ea4c13afbdbe722f19fe760a990626
active,supabase/migrations/20260130000000_hierarchical_documents_full.sql,20260130000000,unrecorded,,,no_matching_ledger_entry,not_verified,No matching production version/name/complete SQL; historical effects not certified. Do not infer that replay is required.,4ede02d8bc476f321121e7d37acd9d2d9eb1c6e5326e142c53bb11bda7187eb1
active,supabase/migrations/20260130000001_add_agent_plan_step_update_rpc.sql,20260130000001,unrecorded,,,no_matching_ledger_entry,not_verified,No matching production version/name/complete SQL; historical effects not certified. Do not infer that replay is required.,61a96a1d78758005c026c2eaee08029d259ef4b061ac30690fd69fdeaca44d7a
active,supabase/migrations/20260130_235500_update_agent_plan_step_rpc_lock.sql,20260130,unrecorded,,,no_matching_ledger_entry,not_verified,No matching production version/name/complete SQL; historical effects not certified. Do not infer that replay is required.,46aef9d21ab3fae9beb6c3e995b33c63b660b377dbbb9862b8d21ff7bb0d1b45
active,supabase/migrations/20260130_235900_add_timing_metrics.sql,20260130,unrecorded,,,no_matching_ledger_entry,not_verified,No matching production version/name/complete SQL; historical effects not certified. Do not infer that replay is required.,8a47407a319e4fcd7866160ec4f5049ef7575cc2f1e7a74b79d272ace25ca0ea
active,supabase/migrations/20260201000000_add_project_context_snapshot.sql,20260201000000,unrecorded,,,no_matching_ledger_entry,not_verified,No matching production version/name/complete SQL; historical effects not certified. Do not infer that replay is required.,7e46b380a2cbbfdbe099f6c87be51cfae14a9babd3c12e94f1cae8ed83d75d8b
active,supabase/migrations/20260204_001_add_project_invite_event_type.sql,20260204,unrecorded,,,no_matching_ledger_entry,not_verified,No matching production version/name/complete SQL; historical effects not certified. Do not infer that replay is required.,7bafaab8f3afeb90f7638e3a8af8d9a79a24f5c0a2d6fa8d61dcc3ad22552515
active,supabase/migrations/20260205_001_notification_opt_in_defaults.sql,20260205,unrecorded,,,no_matching_ledger_entry,not_verified,No matching production version/name/complete SQL; historical effects not certified. Do not infer that replay is required.,66cb08d3aa4cd3c0a9d987f9fabda0b248306293c913e107d820393353f7b8aa
active,supabase/migrations/20260205_002_emit_notification_event_opt_in.sql,20260205,unrecorded,,,no_matching_ledger_entry,not_verified,No matching production version/name/complete SQL; historical effects not certified. Do not infer that replay is required.,7639c196db031b62e2f5ccb8866e05058c13e233d2b71d0763bfee2671562fee
active,supabase/migrations/20260205_003_user_notifications_linkage.sql,20260205,unrecorded,,,no_matching_ledger_entry,not_verified,No matching production version/name/complete SQL; historical effects not certified. Do not infer that replay is required.,7638b5dba3dc1d20ed24813f348055adf5b5331a0b45bbd6b33c27012b9ffba1
active,supabase/migrations/20260206_add_chat_message_role_index.sql,20260206,unrecorded,,,no_matching_ledger_entry,not_verified,No matching production version/name/complete SQL; historical effects not certified. Do not infer that replay is required.,cd3bab7ba7812800799cbbd1d6d07eee35254645c6a2271cd59510b7871c2e4d
active,supabase/migrations/20260207_add_chat_session_last_classified_at.sql,20260207,unrecorded,,,no_matching_ledger_entry,not_verified,No matching production version/name/complete SQL; historical effects not certified. Do not infer that replay is required.,927db2e1ac76798108a2f2ce4802bedaa5bf7194730d5df2827174982e4775f8
active,supabase/migrations/20260208000000_backfill_doc_structure_metadata.sql,20260208000000,unrecorded,,,no_matching_ledger_entry,not_verified,No matching production version/name/complete SQL; historical effects not certified. Do not infer that replay is required.,7b29239042964615ec571fdc7106d4c5f579b27da54fb438b8df2a49b9b46924
active,supabase/migrations/20260208_120000_fix_calendar_items_user_scope.sql,20260208,unrecorded,,,no_matching_ledger_entry,not_verified,No matching production version/name/complete SQL; historical effects not certified. Do not infer that replay is required.,b1b8f28e80474f4045fe543271a3e5daea8117d651ad3c0283c8737116214f80
active,supabase/migrations/20260213000000_add_behavioral_profile_layers.sql,20260213000000,unrecorded,,,no_matching_ledger_entry,not_verified,No matching production version/name/complete SQL; historical effects not certified. Do not infer that replay is required.,26f82724dc662d87f438e17a0ac39e04e0d2d863f5e5d8eed7be505fc5374812
active,supabase/migrations/20260216000000_onboarding_v3_columns.sql,20260216000000,unrecorded,,,no_matching_ledger_entry,not_verified,No matching production version/name/complete SQL; historical effects not certified. Do not infer that replay is required.,5579efb3c2d4c29864edc85e1152de74e8434abc94c2f75d342b34dc0efef59c
active,supabase/migrations/20260301000000_add_user_preferences.sql,20260301000000,unrecorded,,,no_matching_ledger_entry,not_verified,No matching production version/name/complete SQL; historical effects not certified. Do not infer that replay is required.,9ea245faa9daaebefbfdd2b78d8d962fdb010250209d3f5c02454bc117e7a438
active,supabase/migrations/20260308000000_add_graph_reorg_rpc.sql,20260308000000,unrecorded,,,no_matching_ledger_entry,not_verified,No matching production version/name/complete SQL; historical effects not certified. Do not infer that replay is required.,0e0a2fa1a05d3771224add22ac52d70c1b2cd59ae85fa690d0e20939c2ba046a
active,supabase/migrations/20260315000000_add_web_page_visits.sql,20260315000000,unrecorded,,,no_matching_ledger_entry,not_verified,No matching production version/name/complete SQL; historical effects not certified. Do not infer that replay is required.,334de02c378a7680071de94b9b90f7c887958585398217f2098cf077e8cb0307
active,supabase/migrations/20260320000000_project_sharing_membership.sql,20260320000000,unrecorded,,,no_matching_ledger_entry,not_verified,No matching production version/name/complete SQL; historical effects not certified. Do not infer that replay is required.,890075382afae6402acbe285ac0cbcad716df85b96109b24bd1130400a3f4b4d
active,supabase/migrations/20260320000001_project_invite_accept.sql,20260320000001,unrecorded,,,no_matching_ledger_entry,not_verified,No matching production version/name/complete SQL; historical effects not certified. Do not infer that replay is required.,e49e06f6ae7ea3aa3a5d6fca7486b07c258b124092327a3a7c5fa9e622831972
active,supabase/migrations/20260320000002_project_sharing_access_fixes.sql,20260320000002,unrecorded,,,no_matching_ledger_entry,not_verified,No matching production version/name/complete SQL; historical effects not certified. Do not infer that replay is required.,6e941b19d11031510f29c6a376634fb2d33657a912428c40c9424347b39ec452
active,supabase/migrations/20260322000000_add_voice_notes.sql,20260322000000,unrecorded,,,no_matching_ledger_entry,not_verified,No matching production version/name/complete SQL; historical effects not certified. Do not infer that replay is required.,b94176e1ad4747b85b7526c4fa88f18c188088d72ba5278010b759838815080f
active,supabase/migrations/20260324000000_add_voice_note_groups.sql,20260324000000,unrecorded,,,no_matching_ledger_entry,not_verified,No matching production version/name/complete SQL; historical effects not certified. Do not infer that replay is required.,db9e277a418f6b6abb9e6c71c6ca659437a9f7aef1e9cb20d0b3c78ff82a6a18
active,supabase/migrations/20260325000000_fix_project_invite_accept_upsert.sql,20260325000000,unrecorded,,,no_matching_ledger_entry,not_verified,No matching production version/name/complete SQL; historical effects not certified. Do not infer that replay is required.,3b9d8bdb684202dcd0836cc3d697cd04bf0e0a0b7da9608e7851f66a856c5b7e
active,supabase/migrations/20260326000000_invite_pending_flow.sql,20260326000000,unrecorded,,,no_matching_ledger_entry,not_verified,No matching production version/name/complete SQL; historical effects not certified. Do not infer that replay is required.,95101ac53467814537d8a0ee99d7b85c92575803ca0cc236b1ce17f454cf1658
active,supabase/migrations/20260326000001_fix_pending_invites_status_ambiguity.sql,20260326000001,unrecorded,,,no_matching_ledger_entry,not_verified,No matching production version/name/complete SQL; historical effects not certified. Do not infer that replay is required.,e07e481385831a958f16f8ca8dba77f66b1bc4d95a7ee04591241bd789c5aa32
active,supabase/migrations/20260327000000_add_voice_note_transcription_queue.sql,20260327000000,unrecorded,,,no_matching_ledger_entry,not_verified,No matching production version/name/complete SQL; historical effects not certified. Do not infer that replay is required.,841c051d903ced851d12acfe6a25eccee0112abf47d5e62e246c20bb9cc12024
active,supabase/migrations/20260328000000_add_onto_comments.sql,20260328000000,unrecorded,,,no_matching_ledger_entry,not_verified,No matching production version/name/complete SQL; historical effects not certified. Do not infer that replay is required.,78d99cb4d6448d0051f77c7d355f5d5dae9e4225d33d736720cbfe39c5973d63
active,supabase/migrations/20260329000000_remove_unused_rpc_functions.sql,20260329000000,unrecorded,,,no_matching_ledger_entry,not_verified,No matching production version/name/complete SQL; historical effects not certified. Do not infer that replay is required.,d9fbf85f587e3000aa9093c9095231376881bfd031389af0482cf2d43c0f855e
active,supabase/migrations/20260329000001_performance_indexes_and_functions.sql,20260329000001,unrecorded,,,no_matching_ledger_entry,not_verified,No matching production version/name/complete SQL; historical effects not certified. Do not infer that replay is required.,19149abfecda8d8fb2cdf9c1b764e2dbcffb623d6c7e485868d1fc3f8ff04545
active,supabase/migrations/20260419_allow_nullable_milestone_due_at.sql,20260419,unrecorded,,,no_matching_ledger_entry,not_verified,No matching production version/name/complete SQL; historical effects not certified. Do not infer that replay is required.,42f5391dbe610276d3f7c69852eff3babd17c57fb6196637655349070ad9c457
active,supabase/migrations/20260420000000_add_fastchat_context_rpc.sql,20260420000000,unrecorded,,,no_matching_ledger_entry,not_verified,No matching production version/name/complete SQL; historical effects not certified. Do not infer that replay is required.,b2f585e33dc1cf7bb4c62fe5587adbb264c20bf6fc80e77b9aee87e706cb6363
active,supabase/migrations/20260421000000_notification_risk_cleanup.sql,20260421000000,unrecorded,,,no_matching_ledger_entry,not_verified,No matching production version/name/complete SQL; historical effects not certified. Do not infer that replay is required.,aab01cca462aac71bc9df046f905587565527e3c60c948d1cc100b9db4aa4476
active,supabase/migrations/20260421000001_prevent_duplicate_daily_brief_notifications.sql,20260421000001,unrecorded,,,no_matching_ledger_entry,not_verified,No matching production version/name/complete SQL; historical effects not certified. Do not infer that replay is required.,01f9e7cf6ce8546bb30079e62ddaec812d0263c8110909e2bd9f80e41575f749
active,supabase/migrations/20260422000000_project_notification_settings_rpc.sql,20260422000000,unrecorded,,,no_matching_ledger_entry,not_verified,No matching production version/name/complete SQL; historical effects not certified. Do not infer that replay is required.,4e817a0a8bfe23e124dcb694d26dfd162a9135cc2295b414ca8f3477cff89375
active,supabase/migrations/20260423000000_project_collaboration_race_fixes.sql,20260423000000,unrecorded,,,no_matching_ledger_entry,not_verified,No matching production version/name/complete SQL; historical effects not certified. Do not infer that replay is required.,80ba6020edce41a88ed013ec5afc1752291ad123cd15d0095c9427bfdb1349bd
active,supabase/migrations/20260423000001_fix_invite_accept_project_id_ambiguity.sql,20260423000001,unrecorded,,,no_matching_ledger_entry,not_verified,No matching production version/name/complete SQL; historical effects not certified. Do not infer that replay is required.,a8a9d5fc11f2b4268bf17dd9bbc404dc2f3338022b37c3a39788a0cda04e99ba
active,supabase/migrations/20260423000002_harden_invites_for_deleted_projects.sql,20260423000002,unrecorded,,,no_matching_ledger_entry,not_verified,No matching production version/name/complete SQL; historical effects not certified. Do not infer that replay is required.,2ae2a5ea9be810a3d4ecbf1bab831a8a2d3ecaf63bc113ee8eec69a5583c9601
active,supabase/migrations/20260423000003_allow_editor_invite_management.sql,20260423000003,unrecorded,,,no_matching_ledger_entry,not_verified,No matching production version/name/complete SQL; historical effects not certified. Do not infer that replay is required.,bcf0759cdfaa7dc8cb5ef5192a6d24d04e16ab08fbb4457863bfbf9767ee22a6
active,supabase/migrations/20260423000004_project_member_role_profile_and_fastchat_members.sql,20260423000004,unrecorded,,,no_matching_ledger_entry,not_verified,No matching production version/name/complete SQL; historical effects not certified. Do not infer that replay is required.,971bd659bfdc440065d55a39bdcd3e67f19bbf1ad98c942de1f000b6e5920783
active,supabase/migrations/20260424000000_project_activity_notification_batching.sql,20260424000000,unrecorded,,,no_matching_ledger_entry,not_verified,No matching production version/name/complete SQL; historical effects not certified. Do not infer that replay is required.,0e892bc6da131b80ade1a27d9aa17b47401f1278b1a41311fe086257ac395db7
active,supabase/migrations/20260424000005_ontology_brief_snapshot_constraints.sql,20260424000005,unrecorded,,,no_matching_ledger_entry,not_verified,No matching production version/name/complete SQL; historical effects not certified. Do not infer that replay is required.,88eb82fb1f65327a9ce14183518d8082e453d2a43a460acd0cd505c055307421
active,supabase/migrations/20260424000006_add_daily_brief_context_type_to_chat_sessions.sql,20260424000006,unrecorded,,,no_matching_ledger_entry,not_verified,No matching production version/name/complete SQL; historical effects not certified. Do not infer that replay is required.,fa7287d3f827f793eb9945124e81e0d4f377e7650fe14ccb984faead23c02e08
active,supabase/migrations/20260424000007_timebox_fastchat_context_events.sql,20260424000007,unrecorded,,,no_matching_ledger_entry,not_verified,No matching production version/name/complete SQL; historical effects not certified. Do not infer that replay is required.,a96a64e59180e10b938d64a59fc44c62d8f917cdf101f1d34762cb5f88246f57
active,supabase/migrations/20260424000008_add_fastchat_context_documents_snapshot.sql,20260424000008,unrecorded,,,no_matching_ledger_entry,not_verified,No matching production version/name/complete SQL; historical effects not certified. Do not infer that replay is required.,28c0f43a990765cb70bc482d60ba083e1747578161d8bd59828a8171cf1c3b90
active,supabase/migrations/20260425000000_add_project_icon_generation.sql,20260425000000,unrecorded,,,no_matching_ledger_entry,not_verified,No matching production version/name/complete SQL; historical effects not certified. Do not infer that replay is required.,03362b6f542e117218082b9b33b227350f8fc248ae95597ee3c9ee9eecd4eaa9
active,supabase/migrations/20260425000001_include_project_icon_fields_in_skeleton_rpc.sql,20260425000001,unrecorded,,,no_matching_ledger_entry,not_verified,No matching production version/name/complete SQL; historical effects not certified. Do not infer that replay is required.,a74702a08e165626351e9d9a822aa354af1d2d092abae275a4187843781f3e1f
active,supabase/migrations/20260425000002_queue_job_retention_cleanup.sql,20260425000002,unrecorded,,,no_matching_ledger_entry,not_verified,No matching production version/name/complete SQL; historical effects not certified. Do not infer that replay is required.,d90485c21d82d22274b4bb3802c5fdf00647c463da1ef16724e9c63122f82bbc
active,supabase/migrations/20260425000003_fix_onto_projects_insert_rls_actor_compat.sql,20260425000003,unrecorded,,,no_matching_ledger_entry,not_verified,No matching production version/name/complete SQL; historical effects not certified. Do not infer that replay is required.,6b3cd75e59058024fc08c8a944d9789752790d37a71e08c696314ce0e77b1449
active,supabase/migrations/20260425000004_fix_project_owner_membership_actor_resolution.sql,20260425000004,unrecorded,,,no_matching_ledger_entry,not_verified,No matching production version/name/complete SQL; historical effects not certified. Do not infer that replay is required.,1be5e4a3f46980cc268db8aa6ddf8047cc7fec4912732154b9c7331861a93f64
active,supabase/migrations/20260425000005_add_consumption_billing_gate.sql,20260425000005,unrecorded,,,no_matching_ledger_entry,not_verified,No matching production version/name/complete SQL; historical effects not certified. Do not infer that replay is required.,244f1fcb2c78525b6e6a5cb0f4c30016f0e44942a1be54ec43038d57e23652b7
active,supabase/migrations/20260425000006_add_billing_state_transition_audit.sql,20260425000006,unrecorded,,,no_matching_ledger_entry,not_verified,No matching production version/name/complete SQL; historical effects not certified. Do not infer that replay is required.,2cad533c20f46f5432e5aebcf37833653e0aa8304b35bc869249d32417a74881
active,supabase/migrations/20260425000007_fix_onto_projects_insert_rls_policy_reconciliation.sql,20260425000007,unrecorded,,,no_matching_ledger_entry,not_verified,No matching production version/name/complete SQL; historical effects not certified. Do not infer that replay is required.,52bf8406bd1dec9ae001591dfa9c7bc91ebda938ca07527f7fdaaca4188ff76c
active,supabase/migrations/20260425000008_add_billing_ops_snapshots_and_anomalies.sql,20260425000008,unrecorded,,,no_matching_ledger_entry,not_verified,No matching production version/name/complete SQL; historical effects not certified. Do not infer that replay is required.,9de59aeddf5ea65dd884ff3972ad0023662e3bdce3ae6660b21f3c8b915d9bf8
active,supabase/migrations/20260426000000_add_ontology_assets_with_ocr.sql,20260426000000,unrecorded,,,no_matching_ledger_entry,not_verified,No matching production version/name/complete SQL; historical effects not certified. Do not infer that replay is required.,699840252ceb15797316b87ecf40fef935ef67b5385460e974cf1fbc9f2345ce
active,supabase/migrations/20260426000001_add_images_to_onto_search_entities.sql,20260426000001,unrecorded,,,no_matching_ledger_entry,not_verified,No matching production version/name/complete SQL; historical effects not certified. Do not infer that replay is required.,c2cc1bc0784bd0ecbcd96e2c7b5a36ac3d4df9bfd38b88779a2afaf9d2efad9d
active,supabase/migrations/20260426000002_add_onto_task_assignees.sql,20260426000002,unrecorded,,,no_matching_ledger_entry,not_verified,No matching production version/name/complete SQL; historical effects not certified. Do not infer that replay is required.,5785e94ba55007f56aa24680331b2576a0e9e2a8de6a8cee0958ff0df52fb4cb
active,supabase/migrations/20260426000003_remove_onto_outputs_from_get_project_full.sql,20260426000003,unrecorded,,,no_matching_ledger_entry,not_verified,No matching production version/name/complete SQL; historical effects not certified. Do not infer that replay is required.,77c6d030ccd871416b5552b93846157a197126b84263ab9cba74e634341d54a1
active,supabase/migrations/20260426000004_remove_onto_outputs_from_remaining_rpcs.sql,20260426000004,unrecorded,,,no_matching_ledger_entry,not_verified,No matching production version/name/complete SQL; historical effects not certified. Do not infer that replay is required.,9eb011e79854fd0c5f3082d989186c89df829d986b4725b93efe64585b8f5c93
active,supabase/migrations/20260426000005_remove_onto_decisions_from_active_rpcs.sql,20260426000005,unrecorded,,,no_matching_ledger_entry,not_verified,No matching production version/name/complete SQL; historical effects not certified. Do not infer that replay is required.,eb6a24e6c4cb06b98ad45284be04147a8db71b2a4c0ff0d8f5be1ded3fb0ea8b
active,supabase/migrations/20260426000006_notification_priority1_fixes.sql,20260426000006,unrecorded,,,no_matching_ledger_entry,not_verified,No matching production version/name/complete SQL; historical effects not certified. Do not infer that replay is required.,4df7fe6ab0a58482f53a6bc44eda394440596f3285c90998fca1ba7510cf961e
active,supabase/migrations/20260426000007_notification_priority2_activity_alignment.sql,20260426000007,unrecorded,,,no_matching_ledger_entry,not_verified,No matching production version/name/complete SQL; historical effects not certified. Do not infer that replay is required.,4d11afce5ba27ff980325fc35c1dfb0c5b055bab926e197076711eb44b565e3f
active,supabase/migrations/20260426000008_shared_project_activity_default_in_app.sql,20260426000008,unrecorded,,,no_matching_ledger_entry,not_verified,No matching production version/name/complete SQL; historical effects not certified. Do not infer that replay is required.,70e6c91853deaca224319f6605f43c97ff503166dd6bf0d3e9d0fb7b9284882e
active,supabase/migrations/20260426000009_decommission_legacy_brief_email_jobs.sql,20260426000009,unrecorded,,,no_matching_ledger_entry,not_verified,No matching production version/name/complete SQL; historical effects not certified. Do not infer that replay is required.,42f61c1c74f40f83ae56769a19f45104c4a3bfe9a73c6b667a1ef4647dc5379e
active,supabase/migrations/20260426000010_remove_raw_project_activity_changed_events.sql,20260426000010,unrecorded,,,no_matching_ledger_entry,not_verified,No matching production version/name/complete SQL; historical effects not certified. Do not infer that replay is required.,586dbd85d8adef6a62ec0dbf133ca686843ae994c139fbc25970530d6f18b867
active,supabase/migrations/20260426000011_notification_event_type_expansion_for_tracked_in_app.sql,20260426000011,unrecorded,,,no_matching_ledger_entry,not_verified,No matching production version/name/complete SQL; historical effects not certified. Do not infer that replay is required.,85abd254d47e90d3eccfc1e55b2102f21e35bed269fa6bd56eb89349c877813b
active,supabase/migrations/20260426000012_fix_project_activity_batched_event_constraint.sql,20260426000012,unrecorded,,,no_matching_ledger_entry,not_verified,No matching production version/name/complete SQL; historical effects not certified. Do not infer that replay is required.,857c9a8f3b841d7398ab71f0bcdf4719c17b1809733ca2d4bbc5855ee415b465
active,supabase/migrations/20260426000013_backfill_daily_brief_subscriptions.sql,20260426000013,unrecorded,,,no_matching_ledger_entry,not_verified,No matching production version/name/complete SQL; historical effects not certified. Do not infer that replay is required.,9a468d1aa280f7d6be4f5e4ea8c18bf8abdd8d66b0f14a027c42db56a8afe46f
active,supabase/migrations/20260426000014_dashboard_projects_perf_phase1.sql,20260426000014,unrecorded,,,no_matching_ledger_entry,not_verified,No matching production version/name/complete SQL; historical effects not certified. Do not infer that replay is required.,749f2a88c63b751767534d0939222b7722b9a67c14fd1b09edacc75fbc66c12f
active,supabase/migrations/20260426000014_fix_invite_accept_side_effects_for_viewers.sql,20260426000014,unrecorded,,,no_matching_ledger_entry,not_verified,No matching production version/name/complete SQL; historical effects not certified. Do not infer that replay is required.,56eb21af39c09001343aee05d02d178ac7374c98f65b1c3e3d4a55f6841d883c
active,supabase/migrations/20260426000015_users_onboarding_completion_timestamp.sql,20260426000015,unrecorded,,,no_matching_ledger_entry,not_verified,No matching production version/name/complete SQL; historical effects not certified. Do not infer that replay is required.,81c0035a4c5faa80977fd652904aa0fd2d8d8685c289b85240a9b3f27b8092b3
active,supabase/migrations/20260426000016_project_calendars_unique_project_user.sql,20260426000016,unrecorded,,,no_matching_ledger_entry,not_verified,No matching production version/name/complete SQL; historical effects not certified. Do not infer that replay is required.,81b21bd21549e360a27d3326bbd0c87af10a3b2b9226cd8370e6c268bdf77d05
active,supabase/migrations/20260426000017_onto_event_sync_user_scope.sql,20260426000017,unrecorded,,,no_matching_ledger_entry,not_verified,No matching production version/name/complete SQL; historical effects not certified. Do not infer that replay is required.,43fee4c4d1d783b65ef84c220318273ebd700c65f964f43c8819402329f7492d
active,supabase/migrations/20260426000018_fix_project_summaries_rpc_text_casts.sql,20260426000018,unrecorded,,,no_matching_ledger_entry,not_verified,No matching production version/name/complete SQL; historical effects not certified. Do not infer that replay is required.,72d4ad9c452424cc0515dd5e7f57c39e541f35fb30b90e533869505fc26dfe8c
active,supabase/migrations/20260427000000_add_user_profile_living_kb.sql,20260427000000,unrecorded,,,no_matching_ledger_entry,not_verified,No matching production version/name/complete SQL; historical effects not certified. Do not infer that replay is required.,0c5227209b319d603c43f48655c90d30af4b751d15c810832a07d987bbafa1cd
active,supabase/migrations/20260428000000_add_user_contacts_agentic_memory.sql,20260428000000,unrecorded,,,no_matching_ledger_entry,not_verified,No matching production version/name/complete SQL; historical effects not certified. Do not infer that replay is required.,8c9cee07e977880d1a29804ccfee3cd92eed4cba99799b49a8952188224b55e2
active,supabase/migrations/20260428000001_add_public_pages.sql,20260428000001,unrecorded,,,no_matching_ledger_entry,not_verified,No matching production version/name/complete SQL; historical effects not certified. Do not infer that replay is required.,6a89484fa45604aebbebb9c4472ff4ad9a32d05abbeb872ecae8955bc1606400
active,supabase/migrations/20260428000002_add_public_page_content_reviews.sql,20260428000002,unrecorded,,,no_matching_ledger_entry,not_verified,No matching production version/name/complete SQL; historical effects not certified. Do not infer that replay is required.,5688b64068fb85087ff5e4866c9cdd51e8a3d38563c29082973ff6834a56fc04
active,supabase/migrations/20260428000003_add_public_page_review_admin_overrides.sql,20260428000003,unrecorded,,,no_matching_ledger_entry,not_verified,No matching production version/name/complete SQL; historical effects not certified. Do not infer that replay is required.,6ac54fc23d13852cb15db8256e07b0a1d6301af613b84dbbe9a84a8826e3f827
active,supabase/migrations/20260428000004_add_public_page_slug_parts.sql,20260428000004,unrecorded,,,no_matching_ledger_entry,not_verified,No matching production version/name/complete SQL; historical effects not certified. Do not infer that replay is required.,d1c72555b2b00fd8d843b61ede3e4e437994309a97c2cb2202c3fa1be4ef6c95
active,supabase/migrations/20260428000005_add_chat_session_agent_metadata_merge_rpc.sql,20260428000005,unrecorded,,,no_matching_ledger_entry,not_verified,No matching production version/name/complete SQL; historical effects not certified. Do not infer that replay is required.,a6cbae4a779a43358615d72d4a8c50314f9b0ff61d5c4247a5ff5dc135dd368c
active,supabase/migrations/20260428000006_limit_fastchat_project_context_payloads.sql,20260428000006,unrecorded,,,no_matching_ledger_entry,not_verified,No matching production version/name/complete SQL; historical effects not certified. Do not infer that replay is required.,fe6a0f6733e00d9d3b8759b433944d6bbcc929f3429bd16f2fe2e739931511b3
active,supabase/migrations/20260428000007_add_welcome_email_sequences.sql,20260428000007,unrecorded,,,no_matching_ledger_entry,not_verified,No matching production version/name/complete SQL; historical effects not certified. Do not infer that replay is required.,73d69d7f93b47871a79525cb28d978610222fc2d35861c63ad493f270d4cb021
active,supabase/migrations/20260428000008_add_retargeting_founder_pilot.sql,20260428000008,unrecorded,,,no_matching_ledger_entry,not_verified,No matching production version/name/complete SQL; historical effects not certified. Do not infer that replay is required.,0b0b18f6a66983dc16f912ef3c9689f9ed3cd69e8997846e18df188ac06d7d66
active,supabase/migrations/20260428000009_backfill_welcome_sequence_last_evaluated_at.sql,20260428000009,unrecorded,,,no_matching_ledger_entry,not_verified,No matching production version/name/complete SQL; historical effects not certified. Do not infer that replay is required.,f33831887db4a8dd42856a29c446e38356ebf62473da51a618d5efe25c311d18
active,supabase/migrations/20260428000010_fix_fastchat_context_enum_state_casts.sql,20260428000010,unrecorded,,,no_matching_ledger_entry,not_verified,No matching production version/name/complete SQL; historical effects not certified. Do not infer that replay is required.,30bfde14bd9b8be9b7fd1b3eeb32043a9184273f69ef0770530c6862c7a287d2
active,supabase/migrations/20260428000011_add_agent_call_gateway_v1.sql,20260428000011,unrecorded,,,no_matching_ledger_entry,not_verified,No matching production version/name/complete SQL; historical effects not certified. Do not infer that replay is required.,e2828afadef111fc0f1e042f8a036a92f11f5e475c9bf3641d0c587251a21b35
active,supabase/migrations/20260428000012_add_agent_call_bootstrap_links.sql,20260428000012,unrecorded,,,no_matching_ledger_entry,not_verified,No matching production version/name/complete SQL; historical effects not certified. Do not infer that replay is required.,eef7f462d624bef4004237996a065866c9277e602de9dcb5b515e178ede92d7c
active,supabase/migrations/20260428000013_add_agent_call_tool_executions.sql,20260428000013,unrecorded,,,no_matching_ledger_entry,not_verified,No matching production version/name/complete SQL; historical effects not certified. Do not infer that replay is required.,05ca1113c24de18b674bad4075872738de03c2acc9ae3d3e7190712598e37de3
active,supabase/migrations/20260428000014_agentic_buildos_search_phase1.sql,20260428000014,unrecorded,,,no_matching_ledger_entry,not_verified,No matching production version/name/complete SQL; historical effects not certified. Do not infer that replay is required.,6271296bd0cf63d39353d4cc77d372dbe7d7dfc85c10f0233c0348b2ae404482
active,supabase/migrations/20260428000015_add_chat_turn_observability_phase1.sql,20260428000015,unrecorded,,,no_matching_ledger_entry,not_verified,No matching production version/name/complete SQL; historical effects not certified. Do not infer that replay is required.,2a1e399f310716feb441c006ae2ed4350e20c05d460bb4b06399620097d2e21e
active,supabase/migrations/20260428000016_add_chat_prompt_eval_tables.sql,20260428000016,unrecorded,,,no_matching_ledger_entry,not_verified,No matching production version/name/complete SQL; historical effects not certified. Do not infer that replay is required.,bcb5a8be1114bbb55403f7a6194d499dacbcc9f9b47ec5cb7dd57a95d935573a
active,supabase/migrations/20260428000017_add_chat_tool_analytics_indexes.sql,20260428000017,unrecorded,,,no_matching_ledger_entry,not_verified,No matching production version/name/complete SQL; historical effects not certified. Do not infer that replay is required.,0d8ed2b5d6fc015df740bc205060473903555d1db796dd35982bba6d3b674550
active,supabase/migrations/20260428000017_fix_welcome_sequence_legacy_schema.sql,20260428000017,unrecorded,,,no_matching_ledger_entry,not_verified,No matching production version/name/complete SQL; historical effects not certified. Do not infer that replay is required.,bc6842a4fb595a8f1cc33e785f69266c04f222896b1819084ad46508fe10d518
active,supabase/migrations/20260428000018_cleanup_legacy_context_document_column.sql,20260428000018,unrecorded,,,no_matching_ledger_entry,not_verified,No matching production version/name/complete SQL; historical effects not certified. Do not infer that replay is required.,a6e974783d9107b59d38382878aa15e3e4467e2a20078ab18194744f52f13792
active,supabase/migrations/20260428000019_fix_ensure_actor_for_user_nullable_name.sql,20260428000019,unrecorded,,,no_matching_ledger_entry,not_verified,No matching production version/name/complete SQL; historical effects not certified. Do not infer that replay is required.,99801fc96a47523e9cc47bd67dfab5259c3cc4c2e24e4a4ab329e73c37d84b22
active,supabase/migrations/20260428000020_add_message_to_cron_logs.sql,20260428000020,unrecorded,,,no_matching_ledger_entry,not_verified,No matching production version/name/complete SQL; historical effects not certified. Do not infer that replay is required.,f4709800357f96ba357f21847f7fcd0a2310a43b06733f03dff621583303a68c
active,supabase/migrations/20260428000021_add_llm_usage_turn_attribution.sql,20260428000021,unrecorded,,,no_matching_ledger_entry,not_verified,No matching production version/name/complete SQL; historical effects not certified. Do not infer that replay is required.,273fbee09a35675cd3f55cab8925dcec192615d9514eb7a54563ba0137d462ec
active,supabase/migrations/20260428000022_add_security_events.sql,20260428000022,unrecorded,,,no_matching_ledger_entry,not_verified,No matching production version/name/complete SQL; historical effects not certified. Do not infer that replay is required.,bc3ac42d8dfb967ae4628c9dbee1c14748fe75e5ddbb1b9dcf52381e89fb891e
active,supabase/migrations/20260428000023_add_security_event_retention.sql,20260428000023,unrecorded,,,no_matching_ledger_entry,not_verified,No matching production version/name/complete SQL; historical effects not certified. Do not infer that replay is required.,700376b2554cc482c7690a8ded6b3266c9170da124a61b14d6ce930bdcf28475
active,supabase/migrations/20260428000024_notification_admin_analytics_audit_fixes.sql,20260428000024,unrecorded,,,no_matching_ledger_entry,not_verified,No matching production version/name/complete SQL; historical effects not certified. Do not infer that replay is required.,79c1249453e06f85494e547061eeaf63aac7f83c0c4058e5d268ea4c347608fe
active,supabase/migrations/20260428000025_fix_notification_event_performance_ambiguous_event_type.sql,20260428000025,unrecorded,,,no_matching_ledger_entry,not_verified,No matching production version/name/complete SQL; historical effects not certified. Do not infer that replay is required.,7fe7be68008dc90cad729f5bb9233983a9ac5d8718a8d5210036abc97a3e4210
active,supabase/migrations/20260429000000_remove_project_audit_forecast_context_types.sql,20260429000000,unrecorded,,,no_matching_ledger_entry,not_verified,No matching production version/name/complete SQL; historical effects not certified. Do not infer that replay is required.,e708bfe78e70745252f070cc6bdcec702a54096e93c67e0784c362e6db0dd352
active,supabase/migrations/20260429000001_add_chat_prompt_snapshot_prompt_variant.sql,20260429000001,unrecorded,,,no_matching_ledger_entry,not_verified,No matching production version/name/complete SQL; historical effects not certified. Do not infer that replay is required.,3a51835c6c694c1d08baed79cff0bb1abef10f27cd7b73e76bc512e7ef1e0d70
active,supabase/migrations/20260429000002_add_fastchat_project_intelligence.sql,20260429000002,unrecorded,,,no_matching_ledger_entry,not_verified,No matching production version/name/complete SQL; historical effects not certified. Do not infer that replay is required.,88ad1b04aad1ff7c111d70687b156566ef178825de928f32932a860fa7645cec
active,supabase/migrations/20260429000003_fastchat_global_accessible_projects.sql,20260429000003,unrecorded,,,no_matching_ledger_entry,not_verified,No matching production version/name/complete SQL; historical effects not certified. Do not infer that replay is required.,0c3a04aea297eb8524e7257b3580508a43fa73de2276ed0f2f909a1c1eaff5a2
active,supabase/migrations/20260429000004_fastchat_actionable_project_intelligence.sql,20260429000004,unrecorded,,,no_matching_ledger_entry,not_verified,No matching production version/name/complete SQL; historical effects not certified. Do not infer that replay is required.,7054b86f417b7b7a5d89e9309e53b1e5e4eb938f98dc410438a80a504a150b79
active,supabase/migrations/20260429000005_add_chat_session_extracted_entities.sql,20260429000005,unrecorded,,,no_matching_ledger_entry,not_verified,No matching production version/name/complete SQL; historical effects not certified. Do not infer that replay is required.,c70fbc8fab626f69377deff42fde2f3b0ab6662ea5b18ebdcb4b70eb4028dfad
active,supabase/migrations/20260429000006_add_openrouter_usage_accounting.sql,20260429000006,unrecorded,,,no_matching_ledger_entry,not_verified,No matching production version/name/complete SQL; historical effects not certified. Do not infer that replay is required.,ad469207116e701956921718171291227c5ddfb319775cd1398271b264a976f5
active,supabase/migrations/20260430000000_add_public_page_views.sql,20260430000000,unrecorded,,,no_matching_ledger_entry,not_verified,No matching production version/name/complete SQL; historical effects not certified. Do not infer that replay is required.,1359a285f5cacf831b047ed7cc858acf8a1ee72dcdddd301e3340fe7b11c8e36
active,supabase/migrations/20260430000001_add_users_username.sql,20260430000001,unrecorded,,,no_matching_ledger_entry,not_verified,No matching production version/name/complete SQL; historical effects not certified. Do not infer that replay is required.,568dde799d58b24b9bf5238a33eb5ea870581ed200dabcc45c911805ae1681f5
active,supabase/migrations/20260430000002_onto_task_update_atomic.sql,20260430000002,unrecorded,,,no_matching_ledger_entry,not_verified,No matching production version/name/complete SQL; historical effects not certified. Do not infer that replay is required.,ed6bfa98566b113a44633866e7f611ae2520f5e1e1b782f14b2a1c841371b6ec
active,supabase/migrations/20260430000003_remove_brain_dump_chat_context.sql,20260430000003,unrecorded,,,no_matching_ledger_entry,not_verified,No matching production version/name/complete SQL; historical effects not certified. Do not infer that replay is required.,b5d35547225828492ed6b9affecddc7098dd49908ee4834eb321896348775638
active,supabase/migrations/20260430000004_remove_brain_dump_search_results.sql,20260430000004,unrecorded,,,no_matching_ledger_entry,not_verified,No matching production version/name/complete SQL; historical effects not certified. Do not infer that replay is required.,a4696dc823893a483786714797e0dae69cc13875f81534107c9607bd4f5a3e47
active,supabase/migrations/20260430000005_cancel_pre_welcome_system_rows.sql,20260430000005,unrecorded,,,no_matching_ledger_entry,not_verified,No matching production version/name/complete SQL; historical effects not certified. Do not infer that replay is required.,bd64a978d5fc0975bd9f86aca99cff18a34585f2f221a486571de1244be080a4
active,supabase/migrations/20260430000006_add_email_suppressions.sql,20260430000006,unrecorded,,,no_matching_ledger_entry,not_verified,No matching production version/name/complete SQL; historical effects not certified. Do not infer that replay is required.,86abc6d776b482f1af39aef578b7d710ff27cad31175209816216e73c03be875
active,supabase/migrations/20260430000007_get_project_full_with_goal_edges.sql,20260430000007,unrecorded,,,no_matching_ledger_entry,not_verified,No matching production version/name/complete SQL; historical effects not certified. Do not infer that replay is required.,5622df36df861531e782a34c4aa3fb1747a6fed7b241edf0f4e253e19476ce18
active,supabase/migrations/20260430000008_get_project_skeleton_with_access.sql,20260430000008,unrecorded,,,no_matching_ledger_entry,not_verified,No matching production version/name/complete SQL; historical effects not certified. Do not infer that replay is required.,3a3458db77f1506935c3670aa9d3542671a08426b46f3f346f4159b8b42ecb69
active,supabase/migrations/20260501000000_onto_task_update_atomic_enum_cast.sql,20260501000000,unrecorded,,,no_matching_ledger_entry,not_verified,No matching production version/name/complete SQL; historical effects not certified. Do not infer that replay is required.,6b86f35f272c04117c4f8787aeeb76a8f1a7a1e7431ea29342622702ac3f318d
active,supabase/migrations/20260501000001_add_p_limit_to_project_summaries_v1.sql,20260501000001,unrecorded,,,no_matching_ledger_entry,not_verified,No matching production version/name/complete SQL; historical effects not certified. Do not infer that replay is required.,1f42511ca73e25f107105e8fdb2aaf8e633f58b8b2adcc547d2941ccab13ed4b
active,supabase/migrations/20260501000002_get_project_full_with_task_enrichment.sql,20260501000002,unrecorded,,,no_matching_ledger_entry,not_verified,No matching production version/name/complete SQL; historical effects not certified. Do not infer that replay is required.,0a43be29bb95651b3fceaa3321a3bac960532873bb424278858a960dcf94deaf
active,supabase/migrations/20260501000003_ws5_p2_composite_indexes.sql,20260501000003,unrecorded,,,no_matching_ledger_entry,not_verified,No matching production version/name/complete SQL; historical effects not certified. Do not infer that replay is required.,ffdebfa3e17cfb392f97a33282e14bf39edf7bd0e47798aa0b2f5003ebee9683
active,supabase/migrations/20260501000004_add_email_sequence_queue_phase2.sql,20260501000004,unrecorded,,,no_matching_ledger_entry,not_verified,No matching production version/name/complete SQL; historical effects not certified. Do not infer that replay is required.,d9573b2de71d9dd66d6d361e841223ed1a6b0313c7463b262e6c007c5337adcc
active,supabase/migrations/20260502000000_admin_dashboard_chat_usage_rpc.sql,20260502000000,unrecorded,,,no_matching_ledger_entry,not_verified,No matching production version/name/complete SQL; historical effects not certified. Do not infer that replay is required.,6a90bca778af0e284674a2fe595725abacf7f2b61ea35a549321fcbe60a76930
active,supabase/migrations/20260502000001_fix_queue_priority_and_processing_tokens.sql,20260502000001,unrecorded,,,no_matching_ledger_entry,not_verified,No matching production version/name/complete SQL; historical effects not certified. Do not infer that replay is required.,ab24a7896b2ccfe01c233c07f10079e2163cd7c0a37c108f36d473a4e2f233a2
active,supabase/migrations/20260502000002_agentic_chat_prepared_prompts.sql,20260502000002,unrecorded,,,no_matching_ledger_entry,not_verified,No matching production version/name/complete SQL; historical effects not certified. Do not infer that replay is required.,296162b404d25e750c62390dc84f6832a6ba04cb1b254158736995c74b5af420
active,supabase/migrations/20260502000003_agentic_chat_running_turn_guard.sql,20260502000003,unrecorded,,,no_matching_ledger_entry,not_verified,No matching production version/name/complete SQL; historical effects not certified. Do not infer that replay is required.,bf1a028cc767e77fb4d9c64e21a8d35e53109456a55f972f79c1b999f29f99a9
active,supabase/migrations/20260502000004_add_web_page_visit_structured_data.sql,20260502000004,unrecorded,,,no_matching_ledger_entry,not_verified,No matching production version/name/complete SQL; historical effects not certified. Do not infer that replay is required.,94a42bbc2a1d2f46f3aae81f867d6978f4d46645d7d0ff32b1dc73897676f090
active,supabase/migrations/20260502000005_add_archived_at_to_ontology_entities.sql,20260502000005,unrecorded,,,no_matching_ledger_entry,not_verified,No matching production version/name/complete SQL; historical effects not certified. Do not infer that replay is required.,0eb1bd2bc973b148fe75e529f81436a4f43ba3d135059f0ff00de50fa9a98f3f
active,supabase/migrations/20260502000006_fix_project_summaries_archived_at_signature.sql,20260502000006,unrecorded,,,no_matching_ledger_entry,not_verified,No matching production version/name/complete SQL; historical effects not certified. Do not infer that replay is required.,2e0f62ad173314768a88ef659ee2c8785299fecfd2633f6d0bda22a75aea71e9
active,supabase/migrations/20260505000001_add_email_sequence_copy_overrides.sql,20260505000001,unrecorded,,,no_matching_ledger_entry,not_verified,No matching production version/name/complete SQL; historical effects not certified. Do not infer that replay is required.,0e2101964a06c6caea8955460881b7e19459d6a9b150e14028d60d3d1f591c9d
active,supabase/migrations/20260505000002_fix_retargeting_metrics_shape.sql,20260505000002,unrecorded,,,no_matching_ledger_entry,not_verified,No matching production version/name/complete SQL; historical effects not certified. Do not infer that replay is required.,c8fb24f9a81e9fdb9d18d6a18176d0e4f7ffa500bb0ceb2abd61e6370a23cb79
active,supabase/migrations/20260506000001_add_reactivation_sequence_send_queue.sql,20260506000001,unrecorded,,,no_matching_ledger_entry,not_verified,No matching production version/name/complete SQL; historical effects not certified. Do not infer that replay is required.,4536fae8296f54eb5489ce1294d2cfd7a66126fd9451767f08277b5a5317795f
active,supabase/migrations/20260508000000_calendar_items_overlap_ranges.sql,20260508000000,unrecorded,,,no_matching_ledger_entry,not_verified,No matching production version/name/complete SQL; historical effects not certified. Do not infer that replay is required.,00e8050968a9c1bf927eb9cbeac4dfd68cdefa6450229a66dc635664e4426f5d
active,supabase/migrations/20260508000000_project_activity_agent_events.sql,20260508000000,unrecorded,,,no_matching_ledger_entry,not_verified,No matching production version/name/complete SQL; historical effects not certified. Do not infer that replay is required.,4c9a21ae9c1a2481ef3b941ded4dfd29e821ee6f6319249014ec5f2137f86e27
active,supabase/migrations/20260508000001_add_event_asset_links.sql,20260508000001,unrecorded,,,no_matching_ledger_entry,not_verified,No matching production version/name/complete SQL; historical effects not certified. Do not infer that replay is required.,17150562e1ffd41292efb1800b14ab84ef596eb34acc0fc394b863b7a0feb9bc
active,supabase/migrations/20260511000001_align_project_soft_delete_archived_at.sql,20260511000001,unrecorded,,,no_matching_ledger_entry,not_verified,No matching production version/name/complete SQL; historical effects not certified. Do not infer that replay is required.,04256804ef35aa7b059f1997b5babfceb93692fc47a9ac8b55063c20ebe293bd
active,supabase/migrations/20260512000000_get_project_full_explicit_payload.sql,20260512000000,unrecorded,,,no_matching_ledger_entry,not_verified,No matching production version/name/complete SQL; historical effects not certified. Do not infer that replay is required.,5e346d604142aa300b6f64c4df86dd5240ea8fdf25542c7781c0b96ac4663fde
active,supabase/migrations/20260513000000_add_brief_audio_narration.sql,20260513000000,unrecorded,,,no_matching_ledger_entry,not_verified,No matching production version/name/complete SQL; historical effects not certified. Do not infer that replay is required.,48ce7605fd0916832d7897a67ee2246eeb562aeebd8deb30596b06f790cc0c19
active,supabase/migrations/20260513000001_agent_oauth_remote_mcp.sql,20260513000001,unrecorded,,,no_matching_ledger_entry,not_verified,No matching production version/name/complete SQL; historical effects not certified. Do not infer that replay is required.,3d4cd1e849aeebae3e66d8f55bf843ba5d7e015337e38574403705734c0edb93
active,supabase/migrations/20260514000000_add_paused_project_state.sql,20260514000000,unrecorded,,,no_matching_ledger_entry,not_verified,No matching production version/name/complete SQL; historical effects not certified. Do not infer that replay is required.,80a916ac778f2dc673a6fed4ae93b995d2a0f1bbacf1d623c59d9468a0930a35
active,supabase/migrations/20260514000000_agentic_chat_multimodal_phase1.sql,20260514000000,unrecorded,,,no_matching_ledger_entry,not_verified,No matching production version/name/complete SQL; historical effects not certified. Do not infer that replay is required.,a19fc44aef9db7504c1a5e35a74ea1734f03e35f0075bbca4e03cc66aae1f849
active,supabase/migrations/20260514000500_add_project_member_access_helper.sql,20260514000500,unrecorded,,,no_matching_ledger_entry,not_verified,No matching production version/name/complete SQL; historical effects not certified. Do not infer that replay is required.,b9ed0820f7c9303217a7b95a508d10919bdff410ab953456a4d0dcdc610b7aa2
active,supabase/migrations/20260514001000_tighten_public_project_internal_access.sql,20260514001000,unrecorded,,,no_matching_ledger_entry,not_verified,No matching production version/name/complete SQL; historical effects not certified. Do not infer that replay is required.,335567030e8a89c6f06797d3397eb5448e81abb2a34cfcff36697e14a158088a
active,supabase/migrations/20260514002000_tighten_fastchat_context_access.sql,20260514002000,unrecorded,,,no_matching_ledger_entry,not_verified,No matching production version/name/complete SQL; historical effects not certified. Do not infer that replay is required.,e2f2c3528ca33a7dc7d83ad08545221dd296f3138d8c2efc1a84f15903ad701a
active,supabase/migrations/20260514003000_tighten_project_notification_settings_access.sql,20260514003000,unrecorded,,,no_matching_ledger_entry,not_verified,No matching production version/name/complete SQL; historical effects not certified. Do not infer that replay is required.,ed5f9bc75459c916117549a6ddd0181ac4c0007ed426bcf34c5b803273601eee
active,supabase/migrations/20260519000000_add_domain_research_queue.sql,20260519000000,unrecorded,,,no_matching_ledger_entry,not_verified,No matching production version/name/complete SQL; historical effects not certified. Do not infer that replay is required.,80ee8d6d30374ef72f6a0549a80b2bbaa0db3ac27e66794a21c0544beaab1b62
active,supabase/migrations/20260519000001_add_domain_research_queue_list_indexes.sql,20260519000001,unrecorded,,,no_matching_ledger_entry,not_verified,No matching production version/name/complete SQL; historical effects not certified. Do not infer that replay is required.,5d2554aa186ae2ce03ff389a3fa7b7913b86e273cb55c4f71b81b70c50e6639f
active,supabase/migrations/20260519001000_align_project_graph_context_archived_visibility.sql,20260519001000,unrecorded,,,no_matching_ledger_entry,not_verified,No matching production version/name/complete SQL; historical effects not certified. Do not infer that replay is required.,34c6fe9568c3f1896ff206f12ab805af28aa5b260c523b8ce7372b93a9ccb7fe
active,supabase/migrations/20260521000000_recoverable_project_invite_declines.sql,20260521000000,unrecorded,,,no_matching_ledger_entry,not_verified,No matching production version/name/complete SQL; historical effects not certified. Do not infer that replay is required.,d3cdb0885432c755f0f60eacb53f23554c02d0a3b628c32e7db48f5d99f9c218
active,supabase/migrations/20260521000001_allow_agent_call_project_log_source.sql,20260521000001,unrecorded,,,no_matching_ledger_entry,not_verified,No matching production version/name/complete SQL; historical effects not certified. Do not infer that replay is required.,04db51c7135604bc4fad2ec0aa8c2ddb7d0185739891d527806e7b5ebdc1a01d
active,supabase/migrations/20260523000000_agentic_chat_turn_supervisor_checkpoints.sql,20260523000000,unrecorded,,,no_matching_ledger_entry,not_verified,No matching production version/name/complete SQL; historical effects not certified. Do not infer that replay is required.,b081ba2e9836dbf42fd5f7790db8e49d9474f7abec786272f5ed0385b5b55f51
active,supabase/migrations/20260529000000_deprecate_direct_project_edges.sql,20260529000000,unrecorded,,,no_matching_ledger_entry,not_verified,No matching production version/name/complete SQL; historical effects not certified. Do not infer that replay is required.,95e2b937f171bc8c7792b7b824cb924598b097aaefc824f4739056afeea5d0f4
active,supabase/migrations/20260612000000_dashboard_analytics_action_labels.sql,20260612000000,unrecorded,,,no_matching_ledger_entry,not_verified,No matching production version/name/complete SQL; historical effects not certified. Do not infer that replay is required.,e47d81253103395a548904cdde108e35bcf52797b283d0a279d915c661d5c426
active,supabase/migrations/20260613000000_project_loops.sql,20260613000000,unrecorded,,,no_matching_ledger_entry,not_verified,No matching production version/name/complete SQL; historical effects not certified. Do not infer that replay is required.,ce92566cac0e674262a2ca93ec2bd6d11b86db98d046bd75f90ba19e3a466ba2
active,supabase/migrations/20260613010000_project_review_item_metadata.sql,20260613010000,unrecorded,,,no_matching_ledger_entry,not_verified,No matching production version/name/complete SQL; historical effects not certified. Do not infer that replay is required.,8afb4caf6e89b4caac764d9d932340282ccc62c900315a6373067aa3c70aaf12
active,supabase/migrations/20260615000000_agent_work_phase0.sql,20260615000000,unrecorded,,,no_matching_ledger_entry,not_verified,No matching production version/name/complete SQL; historical effects not certified. Do not infer that replay is required.,ad66a48aa044d858c8962e1b365dac858e0e2c56f94b94299ee8c07282963ef9
active,supabase/migrations/20260616000000_agent_work_phase05.sql,20260616000000,unrecorded,,,no_matching_ledger_entry,not_verified,No matching production version/name/complete SQL; historical effects not certified. Do not infer that replay is required.,52531cdfd871767d5af7efedb70cda88d7c24b308ff361413d59152f5351f60f
active,supabase/migrations/20260616010000_add_document_outline.sql,20260616010000,unrecorded,,,no_matching_ledger_entry,not_verified,No matching production version/name/complete SQL; historical effects not certified. Do not infer that replay is required.,fabece838ed0325862b3de3e04adb4665e178d10d33cdbea963325180bfb5a3d
active,supabase/migrations/20260617000000_search_tool_telemetry.sql,20260617000000,unrecorded,,,no_matching_ledger_entry,not_verified,No matching production version/name/complete SQL; historical effects not certified. Do not infer that replay is required.,f234c8c2422faf1509d2ea5fd203d4f811a8518bf523ff0b379db2cce3893c81
active,supabase/migrations/20260617010000_onto_documents_search_vector_content.sql,20260617010000,unrecorded,,,no_matching_ledger_entry,not_verified,No matching production version/name/complete SQL; historical effects not certified. Do not infer that replay is required.,27afdfe6200d3824e880082e86a71028579d2dba91062f223468e31cb22fc795
active,supabase/migrations/20260618000000_agent_runs_realtime_publication.sql,20260618000000,unrecorded,,,no_matching_ledger_entry,not_verified,No matching production version/name/complete SQL; historical effects not certified. Do not infer that replay is required.,96e450e9ddac70514bd06945e19a34079a6efa4f32df1b9dfe4533620263e9c6
active,supabase/migrations/20260618010000_chat_messages_realtime_publication.sql,20260618010000,unrecorded,,,no_matching_ledger_entry,not_verified,No matching production version/name/complete SQL; historical effects not certified. Do not infer that replay is required.,682cf095449e79a00a9d969428dd81c9b06f5185e3cbfb1e554338e747aa0d19
active,supabase/migrations/20260619000000_add_daily_brief_email_suppression_scope.sql,20260619000000,unrecorded,,,no_matching_ledger_entry,not_verified,No matching production version/name/complete SQL; historical effects not certified. Do not infer that replay is required.,b36a368bd1088356fac287b96854be66e9bec1e2db35250598d4dd139b46c98f
active,supabase/migrations/20260619120000_onto_search_entities_document_content_snippet.sql,20260619120000,unrecorded,,,no_matching_ledger_entry,not_verified,No matching production version/name/complete SQL; historical effects not certified. Do not infer that replay is required.,dddf48cf59f862eb3925dce6e975d7209af1e2ad23ce4b0423cab29654ce689a
active,supabase/migrations/20260620090000_agent_operatives.sql,20260620090000,unrecorded,,,no_matching_ledger_entry,not_verified,No matching production version/name/complete SQL; historical effects not certified. Do not infer that replay is required.,9df474e2aa8bb30ccec7d848e19e84f74a1b57c83dee0c98f8bca35ef3ee55f5
active,supabase/migrations/20260620110000_chat_tool_executions_affected_entities.sql,20260620110000,unrecorded,,,no_matching_ledger_entry,not_verified,No matching production version/name/complete SQL; historical effects not certified. Do not infer that replay is required.,8ce98b1326efe4101ba0203eea7d8b8043baf839f503c7b85e4dd4cda7485b55
active,supabase/migrations/20260624000000_start_here_managed_region_recency_guard.sql,20260624000000,unrecorded,,,no_matching_ledger_entry,not_verified,No matching production version/name/complete SQL; historical effects not certified. Do not infer that replay is required.,f5e90b73b993f5eca66f0290c8fd4adcea9a3a1cdb2483cf490b1850f49d98e8
active,supabase/migrations/20260624010000_ai_inbox_items.sql,20260624010000,unrecorded,,,no_matching_ledger_entry,not_verified,No matching production version/name/complete SQL; historical effects not certified. Do not infer that replay is required.,ec9c82d51fff845cda1c3d8bf9ab1c36bd381a73148f6a25bb780f4d8f85078a
active,supabase/migrations/20260625000000_project_loop_run_brief.sql,20260625000000,unrecorded,,,no_matching_ledger_entry,not_verified,No matching production version/name/complete SQL; historical effects not certified. Do not infer that replay is required.,2f6aeef0f381699e1be73eaec6612c72f34e2ef8a8b4f9b3b419ed123d0062c7
active,supabase/migrations/20260626000000_project_suggestion_chat_link.sql,20260626000000,unrecorded,,,no_matching_ledger_entry,not_verified,No matching production version/name/complete SQL; historical effects not certified. Do not infer that replay is required.,958bbd414eb6c6b931a188066606c1cc7dd74a7419698a9e2df5a0ba84dc3bf1
active,supabase/migrations/20260626010000_clarified_project_suggestion_decisions.sql,20260626010000,unrecorded,,,no_matching_ledger_entry,not_verified,No matching production version/name/complete SQL; historical effects not certified. Do not infer that replay is required.,dc75e68fb658d24958bca32ecb81246d76ceb26af85b8f924aab6c6c0980f568
active,supabase/migrations/20260627000000_calendar_suggestion_processing_status.sql,20260627000000,unrecorded,,,no_matching_ledger_entry,not_verified,No matching production version/name/complete SQL; historical effects not certified. Do not infer that replay is required.,ab7d051e655fd4f5e89cfc0d46b5ddafcc0f5c9d35e8f815517276acc3a637f2
active,supabase/migrations/20260627001000_calendar_suggestion_created_project_fk.sql,20260627001000,unrecorded,,,no_matching_ledger_entry,not_verified,No matching production version/name/complete SQL; historical effects not certified. Do not infer that replay is required.,127213d56ca4ef5d441d1affd19ac5eb86e3c0cb950f6a49b56be8ccf635ba89
active,supabase/migrations/20260701000000_fix_recency_guard_generated_column.sql,20260701000000,unrecorded,,,no_matching_ledger_entry,not_verified,No matching production version/name/complete SQL; historical effects not certified. Do not infer that replay is required.,a48bfc63503909bf4305b23e1866cb261a3ce33954e1795e0a1f7324b664df19
active,supabase/migrations/20260701010000_users_signup_attribution.sql,20260701010000,unrecorded,,,no_matching_ledger_entry,not_verified,No matching production version/name/complete SQL; historical effects not certified. Do not infer that replay is required.,eaf627e2a97bbc3a073f23cf7ee48dc0a2c63d40a5ca76be905065b58f160889
active,supabase/migrations/20260701020000_enable_rls_timing_metrics.sql,20260701020000,unrecorded,,,no_matching_ledger_entry,not_verified,No matching production version/name/complete SQL; historical effects not certified. Do not infer that replay is required.,d7edb82a335b21926bdee6eca24e5c6e164b5065126602d449dd7e0f6b6c7322
active,supabase/migrations/20260702000000_agentic_chat_crash_recovery_progress.sql,20260702000000,unrecorded,,,no_matching_ledger_entry,not_verified,No matching production version/name/complete SQL; historical effects not certified. Do not infer that replay is required.,331664cb291c5210c7b5f942c213c2b862c661e0e8e1b0201fe7eb1dfcc8105e
active,supabase/migrations/20260702010000_onto_task_create_atomic.sql,20260702010000,unrecorded,,,no_matching_ledger_entry,not_verified,No matching production version/name/complete SQL; historical effects not certified. Do not infer that replay is required.,5bcecaf47f7abb941ececbb80567f91b1e334692088ee70df28c03c582acd0e1
active,supabase/migrations/20260702020000_admin_dashboard_comprehensive_analytics_rpc.sql,20260702020000,unrecorded,,,no_matching_ledger_entry,not_verified,No matching production version/name/complete SQL; historical effects not certified. Do not infer that replay is required.,be3cfd57317efcf4324868d466d8f66bd3066440ea11844f9b2743f363a57388
active,supabase/migrations/20260703000000_complete_project_audits.sql,20260703000000,unrecorded,,,no_matching_ledger_entry,not_verified,No matching production version/name/complete SQL; historical effects not certified. Do not infer that replay is required.,f9b59a1b37d2e0370f937d363aa0821b1761396f1a01398b0f4d45d589159a24
active,supabase/migrations/20260703010000_project_audit_recommendation_suggestion_kind.sql,20260703010000,unrecorded,,,no_matching_ledger_entry,not_verified,No matching production version/name/complete SQL; historical effects not certified. Do not infer that replay is required.,663412883ca86db6211c9658ae5f25b3fd6c70e4f3dba79d2b7b4f8c6657c4a1
active,supabase/migrations/20260704000000_add_project_audit_chat_type.sql,20260704000000,unrecorded,,,no_matching_ledger_entry,not_verified,No matching production version/name/complete SQL; historical effects not certified. Do not infer that replay is required.,f4a9313a45b9eeee231d1f43fd9cdd371b37d7a56572fe75cdb155d33b7dcafd
active,supabase/migrations/20260706000000_codify_queue_job_dedup.sql,20260706000000,unrecorded,,,no_matching_ledger_entry,not_verified,No matching production version/name/complete SQL; historical effects not certified. Do not infer that replay is required.,74bfad43c2fd93ed16a28e4aa0c140f16139425462abb079c9900b824044700c
active,supabase/migrations/20260706010000_daily_brief_engagement_metrics.sql,20260706010000,unrecorded,,,no_matching_ledger_entry,not_verified,No matching production version/name/complete SQL; historical effects not certified. Do not infer that replay is required.,fadfc6ea8e97b3fb5c63c564808e2d117dd72fbe15c9aa3813db28a7c4af0b7c
active,supabase/migrations/20260706020000_secure_daily_brief_engagement_metrics.sql,20260706020000,unrecorded,,,no_matching_ledger_entry,not_verified,No matching production version/name/complete SQL; historical effects not certified. Do not infer that replay is required.,d410d22f2379b2ccc0a6b74d8e4c8d1f180bdfab2f7567fb5e0d675fafab5122
active,supabase/migrations/20260706030000_chat_sessions_projects_onto_project_fk.sql,20260706030000,unrecorded,,,no_matching_ledger_entry,not_verified,No matching production version/name/complete SQL; historical effects not certified. Do not infer that replay is required.,c5ad7ac498d0c13e72296854bb499881df525bc717a44617198601cfe23bb0b1
active,supabase/migrations/20260706040000_log_project_fks_to_onto_projects.sql,20260706040000,unrecorded,,,no_matching_ledger_entry,not_verified,No matching production version/name/complete SQL; historical effects not certified. Do not infer that replay is required.,6544c7f3ec53f3c70c37f9f52b424130087a84734c10847e4e3057c72e1319d3
active,supabase/migrations/20260707000000_history_page_perf_rpc.sql,20260707000000,unrecorded,,,no_matching_ledger_entry,not_verified,No matching production version/name/complete SQL; historical effects not certified. Do not infer that replay is required.,9a357a40f0086ab9e86c91b60f3a9c53539122b594eb236553e3097011869812
active,supabase/migrations/20260707010000_dashboard_responsiveness_indexes.sql,20260707010000,unrecorded,,,no_matching_ledger_entry,not_verified,No matching production version/name/complete SQL; historical effects not certified. Do not infer that replay is required.,db35d725b158d4ea56f877950a4035fc6a468f1e15fd06c650e4ae996bcb2762
active,supabase/migrations/20260707020000_history_page_perf_p2.sql,20260707020000,unrecorded,,,no_matching_ledger_entry,not_verified,No matching production version/name/complete SQL; historical effects not certified. Do not infer that replay is required.,82d7cf0fa6cdab329a833578ce63031a408ed4aac0d9709e1dd1c0eae890ad77
active,supabase/migrations/20260707030000_project_full_v2_initial_payload.sql,20260707030000,unrecorded,,,no_matching_ledger_entry,not_verified,No matching production version/name/complete SQL; historical effects not certified. Do not infer that replay is required.,45fc44fbe812f73ce4f2e80c956249e8ab19f92736f884df71b70b189c0c73cc
active,supabase/migrations/20260707040000_project_skeleton_v2_without_counts.sql,20260707040000,unrecorded,,,no_matching_ledger_entry,not_verified,No matching production version/name/complete SQL; historical effects not certified. Do not infer that replay is required.,e149eb5e0f512e8492348b886279563a7104553f0635822fdbaf5e349cfb275b
active,supabase/migrations/20260707050000_project_review_signals.sql,20260707050000,unrecorded,,,no_matching_ledger_entry,not_verified,No matching production version/name/complete SQL; historical effects not certified. Do not infer that replay is required.,90326515fcc6b987b7892ba4e68586a7abfb46c5f96654b8aac9132f3941d6ca
active,supabase/migrations/20260707060000_project_audit_inbox_source.sql,20260707060000,unrecorded,,,no_matching_ledger_entry,not_verified,No matching production version/name/complete SQL; historical effects not certified. Do not infer that replay is required.,fec6dc7322dc753680406f5f9b52fd3b0db8f617590c924fad7e3f833e1a0c5d
active,supabase/migrations/20260707070000_agentic_chat_prompt_artifact_retention.sql,20260707070000,unrecorded,,,no_matching_ledger_entry,not_verified,No matching production version/name/complete SQL; historical effects not certified. Do not infer that replay is required.,b9e3a2faca913644b87f94377186d109b0a770ad37a41de5f697cd03ba65e8c4
active,supabase/migrations/20260710000000_project_route_access_state.sql,20260710000000,unrecorded,,,no_matching_ledger_entry,not_verified,No matching production version/name/complete SQL; historical effects not certified. Do not infer that replay is required.,0a2d30cebcb58e53fc40fafd15409630a2946855ed9905287e46edfa4cfc3a11
active,supabase/migrations/20260713000000_add_atomic_cross_project_task_move.sql,20260713000000,unrecorded,,,no_matching_ledger_entry,not_verified,No matching production version/name/complete SQL; historical effects not certified. Do not infer that replay is required.,dadfce79d358c2e275932c2812b5377494f86fa121d5b6ed492b18dc8a6f9795
active,supabase/migrations/20260715010000_project_suggestion_addressed_status.sql,20260715010000,unrecorded,,,no_matching_ledger_entry,not_verified,No matching production version/name/complete SQL; historical effects not certified. Do not infer that replay is required.,2bdced11ba86a1c16d75b92767b8b8c77f127b1d5c2a8bdd912c77270195e057
active,supabase/migrations/20260715020000_project_full_v2_window_tasks.sql,20260715020000,unrecorded,,,no_matching_ledger_entry,not_verified,No matching production version/name/complete SQL; historical effects not certified. Do not infer that replay is required.,407ce05b0f257b71c8cb458c2dc3adb298d833cd208c040e1e2f1d806849ca88
active,supabase/migrations/20260715030000_project_full_v2_entity_summaries.sql,20260715030000,unrecorded,,,no_matching_ledger_entry,not_verified,No matching production version/name/complete SQL; historical effects not certified. Do not infer that replay is required.,97661b226e618810c68a88b8488a70dbbdff229dc71f799b38d2a28cf6335125
active,supabase/migrations/20260716000000_account_deletion_and_legal_acceptance.sql,20260716000000,recorded_version_and_name,20260716000000,account_deletion_and_legal_acceptance,match,not_reaudited,Deployment history match; not a full current-schema audit.,8301098dffb131c643c2b6365b26ae874c3abce800f7edf0f8d69b7e7a9a5380
active,supabase/migrations/20260718010000_inbox_items_deferred_status.sql,20260718010000,unrecorded,,,no_matching_ledger_entry,not_verified,No matching production version/name/complete SQL; historical effects not certified. Do not infer that replay is required.,93682c7dbf7daed699b553a2b939e83b2f1a780fe8e640a22d784c7b4c3aceb4
active,supabase/migrations/20260719010000_agent_run_effort.sql,20260719010000,unrecorded,,,no_matching_ledger_entry,not_verified,No matching production version/name/complete SQL; historical effects not certified. Do not infer that replay is required.,82f732df9eb75bba1a603835487b7c1843da0594fcfdd7ae381ad386d0d8b886
active,supabase/migrations/20260719020000_deep_research_orchestration.sql,20260719020000,unrecorded,,,no_matching_ledger_entry,not_verified,No matching production version/name/complete SQL; historical effects not certified. Do not infer that replay is required.,006c55b57d739702d4bb34c3cfa0ccd2ac4233bcba00c001a7450d0875f42800
active,supabase/migrations/20260719030000_agent_run_cost_ledger.sql,20260719030000,unrecorded,,,no_matching_ledger_entry,not_verified,No matching production version/name/complete SQL; historical effects not certified. Do not infer that replay is required.,d6ff5de34d6189de63997ea51d39bf900144af737928896956aca2028bd6dd64
active,supabase/migrations/20260719040000_agent_run_cost_reconciliation.sql,20260719040000,unrecorded,,,no_matching_ledger_entry,not_verified,No matching production version/name/complete SQL; historical effects not certified. Do not infer that replay is required.,0c60fd04a944b6b9ad4edef2324cf922029dc47e15c2adb98b4f36fa80e7b6b3
active,supabase/migrations/20260719050000_agent_run_cost_rpc_privileges.sql,20260719050000,unrecorded,,,no_matching_ledger_entry,not_verified,No matching production version/name/complete SQL; historical effects not certified. Do not infer that replay is required.,f0ab1ae3bbbf57de6dc413664c801c811adb9d4b86ef64a47b840dc9f75aa9d6
active,supabase/migrations/20260720010000_deep_research_hardening.sql,20260720010000,unrecorded,,,no_matching_ledger_entry,not_verified,No matching production version/name/complete SQL; historical effects not certified. Do not infer that replay is required.,2354cd1cd3f721edc2c3869b0ddc5acb0f7dbeb4c79f993d598fe5cf48a3ea23
active,supabase/migrations/20260722000000_gmail_read_connections.sql,20260722000000,recorded_version_and_name,20260722000000,gmail_read_connections,match,not_reaudited,Deployment history match; not a full current-schema audit.,5ccdcc49c8f47a187a3d4111688fab4207c02598a3b8783b6a0782d04bbdfa95
active,supabase/migrations/20260723000000_gmail_relevance_project_profiles.sql,20260723000000,recorded_version_and_name,20260723000000,gmail_relevance_project_profiles,match,not_reaudited,Deployment history match; not a full current-schema audit.,e06d7a0712a629d8577da1cd5ac52d95e27006dfe729e1853e805a4b5f2d6663
active,supabase/migrations/20260723010000_queue_stalled_backoff_and_inapp_dedup.sql,20260723010000,recorded_version_and_name,20260723010000,queue_stalled_backoff_and_inapp_dedup,match,not_reaudited,Deployment history match; not a full current-schema audit.,9fb1d42e15e051d963be22034e2eaa222e22e45479f8f3f2ec11198976f8487f
active,supabase/migrations/20260723020000_agent_run_execution_fencing.sql,20260723020000,recorded_version_and_name,20260723020000,agent_run_execution_fencing,match,not_reaudited,Deployment history match; not a full current-schema audit.,1bb4f93223be2aa37b8c2acdc9f9cf14b41cb0eccf5bfe52c4cadcee81eba7a7
active,supabase/migrations/20260723030000_agent_run_atomic_dispatch.sql,20260723030000,recorded_version_and_name,20260723030000,agent_run_atomic_dispatch,match,not_reaudited,Deployment history match; not a full current-schema audit.,d48364015fb16ce25cdb06a2e88764c0ee155774ae1b27c44c81baed7a8bd855
active,supabase/migrations/20260723040000_chat_message_idempotency.sql,20260723040000,recorded_version_and_name,20260723040000,chat_message_idempotency,match,not_reaudited,Deployment history match; not a full current-schema audit.,e86b1defd2c4b21eb2b343ec8c38db8de838fef49236a9247d300897b5742c00
active,supabase/migrations/20260723211500_gmail_relevance_scan_control_plane.sql,20260723211500,recorded_version_and_name,20260723211500,gmail_relevance_scan_control_plane,match,not_reaudited,Deployment history match; not a full current-schema audit.,3f9e1fc65536601f6a47c65f999aafb03b9f506613d1d44a5cf7937731484ef1
active,supabase/migrations/20260723223402_gmail_relevance_metadata_retrieval.sql,20260723223402,recorded_version_and_name,20260723223402,gmail_relevance_metadata_retrieval,match,not_reaudited,Deployment history match; not a full current-schema audit.,11f6fca172c0f07466aef919a3a3e8a1b3ba05378e1ba03b58c338d9736e0440
active,supabase/migrations/20260724010000_queue_correlation_ids.sql,20260724010000,recorded_version_and_name,20260724010000,queue_correlation_ids,match,not_reaudited,Deployment history match; not a full current-schema audit.,f2c3d9d4e0a795511924d81e482bb567ed456eaa825eb43120749582bc6e4ea6
active,supabase/migrations/20260724020000_gmail_relevance_review_evaluation.sql,20260724020000,recorded_version_and_name,20260724020000,gmail_relevance_review_evaluation,different,not_reaudited,Confirmed live constraint drift: local wrong_project adjudications require corrected_project_id IS NOT NULL; production and the stored migration omit that requirement. Five function bodies match. Resolve with a deliberate forward migration if the local contract is desired.,c27476669e1fe33eaa902c39aa75c5527e564c922eda0bd6a0c55de6f7aeb8ed
active,supabase/migrations/20260724030000_gmail_relevance_metadata_retention_enforcement.sql,20260724030000,recorded_version_and_name,20260724030000,gmail_relevance_metadata_retention_enforcement,match,not_reaudited,Deployment history match; not a full current-schema audit.,1e7da5ef4e788db3046cd4a39405a551b068c3c0921955bc7b1ddec2b413e229
active,supabase/migrations/20260724040000_gmail_relevance_review_reconciliation.sql,20260724040000,recorded_version_and_name,20260724040000,gmail_relevance_review_reconciliation,match,not_reaudited,Deployment history match; not a full current-schema audit.,0860535ff1e8b231fb9f4b5a7fe7e6e9ae1274f43c2f77f06db0ef2897c81d90
active,supabase/migrations/20260728010000_external_agent_project_access.sql,20260728010000,recorded_version_and_name,20260728010000,external_agent_project_access,match,not_reaudited,Deployment history match; not a full current-schema audit.,fbe8480a361b976049348109db9270f76f32f1c49aabf62af137390d1400cc89
active,supabase/migrations/20260729010000_fix_sms_job_payload_contract.sql,20260729010000,recorded_version_and_name,20260729010000,fix_sms_job_payload_contract,match,not_reaudited,Deployment history match; not a full current-schema audit.,ddfac7bc34419dc08a72534f7faa54cf3a3d83315cfa0aafcaa6e20f47a2f9cb
active,supabase/migrations/20260730010000_rls_lockdown_batch_1_inert_tables.sql,20260730010000,recorded_version_and_name,20260730010000,rls_lockdown_batch_1_inert_tables,match,not_reaudited,Deployment history match; not a full current-schema audit.,679d16589d216f521f1c74f4ef4692ba5e29e348e37d03232980465e3d9f7700
active,supabase/migrations/20260730020000_phase0_rls_lockdown_remaining_tables.sql,20260730020000,recorded_version_and_name,20260730020000,phase0_rls_lockdown_remaining_tables,match,not_reaudited,Deployment history match; not a full current-schema audit.,19915a7c5b103ffcf0e9f60fd3b7eac739c7ca043fbc368ce6c9cccbb7fedc07
active,supabase/migrations/20260730030000_phase0_view_and_rpc_hardening.sql,20260730030000,recorded_version_and_name,20260730030000,phase0_view_and_rpc_hardening,match,not_reaudited,Deployment history match; not a full current-schema audit.,909058185b92486f49975947d3a921818bb97c3dd6e913c862195cd884bf522d
active,supabase/migrations/20260730040000_phase1_retired_schema_cleanup.sql,20260730040000,recorded_version_and_name,20260730040000,phase1_retired_schema_cleanup,match,not_reaudited,Deployment history match; not a full current-schema audit.,a8105687b6f92a4c4f3ce82943b6326976241b8cd11f29c082d2be06e063bc67
active,supabase/migrations/20260730050000_phase1_drop_notification_preferences_backup.sql,20260730050000,recorded_version_and_name,20260730050000,phase1_drop_notification_preferences_backup,match,not_reaudited,Deployment history match; not a full current-schema audit.,68e06b585d425ef242c5a136cec9ed25919e6b620fb6e1104a9f68651fd08e00
active,supabase/migrations/20260731150000_agentic_chat_legacy_atomic_admission.sql,20260731150000,recorded_version_and_name,20260731150000,agentic_chat_legacy_atomic_admission,match,not_reaudited,Deployment history match; not a full current-schema audit.,c0ce51bc312dd3ba7d087732bf01fc3d6dcb28dc05b150194b4b87e225e2def9
active,supabase/migrations/20260801010000_agentic_chat_worker_phase2a_trust_foundation.sql,20260801010000,recorded_version_and_name,20260801010000,agentic_chat_worker_phase2a_trust_foundation,match,not_reaudited,Deployment history match; not a full current-schema audit.,5a47a887272b3e37db614532841831ced2f107ce1ebb11186b16cf2da8c7fccd
active,supabase/migrations/20260801020000_agentic_chat_worker_queue_type.sql,20260801020000,recorded_version_and_name,20260801020000,agentic_chat_worker_queue_type,match,not_reaudited,Deployment history match; not a full current-schema audit.,5282037ca71bc52df69ad37bf37a9e55dffe3ae9e2eaf8741432f0b2e2778eda
active,supabase/migrations/20260801030000_agentic_chat_worker_queued_status.sql,20260801030000,recorded_version_and_name,20260801030000,agentic_chat_worker_queued_status,match,not_reaudited,Deployment history match; not a full current-schema audit.,87ad648ec7730cb3a135bb556f216f8fa670a87e522c92bab42b3abe2d2792b4
active,supabase/migrations/20260801030100_agentic_chat_worker_active_index_preflight.sql,20260801030100,recorded_version_and_name,20260801030100,agentic_chat_worker_active_index_preflight,match,not_reaudited,Deployment history match; not a full current-schema audit.,affd563163ed3a68420cec200a09e0b5c0f941af5fdb4a8ef7f2fdcbc4c17434
active,supabase/migrations/20260801030200_agentic_chat_worker_create_active_index.sql,20260801030200,recorded_version_and_name,20260801030200,agentic_chat_worker_create_active_index,match,not_reaudited,Deployment history match; not a full current-schema audit.,a67a5ca9072f28adf3b9d1e9606b33e724f1e1c8da878c9e083218a173d44758
active,supabase/migrations/20260801030300_agentic_chat_worker_validate_active_index.sql,20260801030300,recorded_version_and_name,20260801030300,agentic_chat_worker_validate_active_index,match,not_reaudited,Deployment history match; not a full current-schema audit.,d9c926325b9bb437d58a484829b8f21ae17e476e548f9d86ffe1d8e1fddad3ac
active,supabase/migrations/20260801030400_agentic_chat_worker_drop_running_index.sql,20260801030400,recorded_version_and_name,20260801030400,agentic_chat_worker_drop_running_index,match,not_reaudited,Deployment history match; not a full current-schema audit.,a27b45170011505bd28afe563ab43b3601a373bcd31be84eb809d7e7895da938
active,supabase/migrations/20260801030500_agentic_chat_worker_stream_signal_foundation.sql,20260801030500,recorded_version_and_name,20260801030500,agentic_chat_worker_stream_signal_foundation,match,not_reaudited,Deployment history match; not a full current-schema audit.,bf106cfb5c2eb53769b9653e4c293872787a04a12c36c5eeee9b127725fa7c86
active,supabase/migrations/20260801030600_agentic_chat_worker_queue_function_lockdown.sql,20260801030600,recorded_version_and_name,20260801030600,agentic_chat_worker_queue_function_lockdown,match,not_reaudited,Deployment history match; not a full current-schema audit.,63aa38cbbc87dd4698105892e99fdd862170ffba40b3a23402698f73c62bb9dd
active,supabase/migrations/20260801040000_admin_question_tree_queue_type.sql,20260801040000,recorded_version_and_name,20260801040000,admin_question_tree_queue_type,match,not_reaudited,Deployment history match; not a full current-schema audit.,eb3052bdf5093688557e95e0dcf1d683daef2cc0d2f3a4caef5ca9ba8460e87c
active,supabase/migrations/20260801040100_admin_question_tree_experiment.sql,20260801040100,recorded_version_and_name,20260801040100,admin_question_tree_experiment,match,not_reaudited,Deployment history match; not a full current-schema audit.,f50f0ddc9c313aab4a6fe0fa2478489948f445ffe973043d7c70ad2ef0b559b2
active,supabase/migrations/20260801040200_question_tree_realtime.sql,20260801040200,recorded_version_and_name,20260801040200,question_tree_realtime,match,not_reaudited,Deployment history match; not a full current-schema audit.,b0a77a8d237d46c90f529f484a97f7596edd3a4b866e13caa0a1d56b16e2673a
active,supabase/migrations/20260801040300_question_tree_resilience.sql,20260801040300,recorded_version_and_name,20260801040300,question_tree_resilience,match,not_reaudited,Deployment history match; not a full current-schema audit.,b77d91e91f6e89e59d39dd5bee4ff1f5f15432292d179d81efb6d5aab98b2d1a
active,supabase/migrations/20260801041000_agentic_chat_worker_effect_foundation.sql,20260801041000,recorded_version_and_name,20260801041000,agentic_chat_worker_effect_foundation,match,not_reaudited,Deployment history match; not a full current-schema audit.,98e71ea389b532504c27a0b8f00581c330d2c81ac1d5d7cce56ecdaef29b018b
active,supabase/migrations/20260801041100_agentic_chat_worker_effect_rpcs.sql,20260801041100,recorded_version_and_name,20260801041100,agentic_chat_worker_effect_rpcs,match,not_reaudited,Deployment history match; not a full current-schema audit.,0a22d5aac48582a2faec85c05ba037e36eda3f51c0d12d9e530f5f29886f901f
active,supabase/migrations/20260802010000_web_page_visit_revalidation.sql,20260802010000,recorded_version_and_name,20260802010000,web_page_visit_revalidation,match,not_reaudited,Deployment history match; not a full current-schema audit.,09b3ea3dbdd5e51338152eb1c673e2b3293552d03a185cf4bb3a046d47696fe8
active,supabase/migrations/20260802010100_question_tree_normalize_trim.sql,20260802010100,recorded_version_and_name,20260802010100,question_tree_normalize_trim,match,not_reaudited,Deployment history match; not a full current-schema audit.,5f69e55b3b7b3dc8eef67613cf5ba19ea9bae1a6c2d925c49cf69ac67737f361
active,supabase/migrations/20260802020000_agentic_chat_worker_atomic_admission.sql,20260802020000,recorded_version_and_name,20260802020000,agentic_chat_worker_atomic_admission,match,not_reaudited,Deployment history match; not a full current-schema audit.,634fb1a3d71324a7889df8c49cb597331d2eb1f474fcd3d19ac9f46505babb95
active,supabase/migrations/20260802020100_agentic_chat_worker_claim_fencing.sql,20260802020100,recorded_version_and_name,20260802020100,agentic_chat_worker_claim_fencing,match,not_reaudited,Deployment history match; not a full current-schema audit.,991a38eb11e4b1b265a8fa26a3f5cb56731c411683a4eaec04a3197f8d1b7842
active,supabase/migrations/20260802029900_agentic_chat_worker_message_idempotency_guard.sql,20260802029900,recorded_version_and_name,20260802029900,agentic_chat_worker_message_idempotency_guard,match,not_reaudited,Deployment history match; not a full current-schema audit.,3daba0c48023d3d977ea5fecf284389c207882f584cd2b64363c734588dd7e0f
active,supabase/migrations/20260802030000_agentic_chat_worker_event_identity_foundation.sql,20260802030000,recorded_version_and_name,20260802030000,agentic_chat_worker_event_identity_foundation,match,not_reaudited,Deployment history match; not a full current-schema audit.,5c97127ea9d70b21441a6e2c0ceeeef73a7ed94646d6aad5cf2c5d6903b9ea0d
active,supabase/migrations/20260802030100_agentic_chat_worker_create_event_generation_index.sql,20260802030100,recorded_version_and_name,20260802030100,agentic_chat_worker_create_event_generation_index,match,not_reaudited,Deployment history match; not a full current-schema audit.,9dfc871bec0afeca791b4e0abd912690df9e6d063775e704d8f74675cdae2ceb
active,supabase/migrations/20260802030200_agentic_chat_worker_create_event_identity_index.sql,20260802030200,recorded_version_and_name,20260802030200,agentic_chat_worker_create_event_identity_index,match,not_reaudited,Deployment history match; not a full current-schema audit.,e8d876d1fd99d0737f48865c6483fadd2b62cca2de349c7e8bf20e1d8cfedc05
active,supabase/migrations/20260802030300_agentic_chat_worker_validate_event_identity_indexes.sql,20260802030300,recorded_version_and_name,20260802030300,agentic_chat_worker_validate_event_identity_indexes,match,not_reaudited,Deployment history match; not a full current-schema audit.,b26610977f88b0b1d0bb38f085f3a2cf32ab1c746fcb8743cfd025eb7d266b1b
active,supabase/migrations/20260802030400_agentic_chat_worker_drop_legacy_event_sequence.sql,20260802030400,recorded_version_and_name,20260802030400,agentic_chat_worker_drop_legacy_event_sequence,match,not_reaudited,Deployment history match; not a full current-schema audit.,8b09f06c99429784f7386e3a0439f69f0fe7622217b0b0ec4659d3a1ea03493b
active,supabase/migrations/20260802030500_agentic_chat_worker_terminal_control_rpcs.sql,20260802030500,recorded_version_and_name,20260802030500,agentic_chat_worker_terminal_control_rpcs,match,not_reaudited,Deployment history match; not a full current-schema audit.,198280b157de39f8e44b18d96e675867801e532ae2847a40dae40b026834e3ea
active,supabase/migrations/20260802031000_agentic_chat_worker_execution_recovery.sql,20260802031000,recorded_version_and_name,20260802031000,agentic_chat_worker_execution_recovery,match,not_reaudited,Deployment history match; not a full current-schema audit.,88a08c713061d4634a8148e1859b1e4f85ae89b3720271ea10b208d19f0775ed
active,supabase/migrations/20260802032000_native_search_query_cache.sql,20260802032000,recorded_version_and_name,20260802032000,native_search_query_cache,match,not_reaudited,Deployment history match; not a full current-schema audit.,6dc6b5c12d5141f82478697c707c78c86c2ee043ddf7d33626ccba28fd76395f
active,supabase/migrations/20260802033000_agentic_chat_worker_stream_write_foundation.sql,20260802033000,recorded_version_and_name,20260802033000,agentic_chat_worker_stream_write_foundation,match,not_reaudited,Deployment history match; not a full current-schema audit.,0b39ee16b64b63f5db434e5898b91ea18c1efdfabf68407a7f8e8ccd713e7704
active,supabase/migrations/20260802033100_agentic_chat_worker_create_transition_index.sql,20260802033100,recorded_version_and_name,20260802033100,agentic_chat_worker_create_transition_index,match,not_reaudited,Deployment history match; not a full current-schema audit.,819a26e74ee3dc173e949fe369ffb87309d9b23b9196542f7df2fcf4bbe6db87
active,supabase/migrations/20260802033200_agentic_chat_worker_stream_write_rpcs.sql,20260802033200,recorded_version_and_name,20260802033200,agentic_chat_worker_stream_write_rpcs,match,not_reaudited,Deployment history match; not a full current-schema audit.,9367e1046c49ad8d0e264f11628a862fb9d52cfe176901797a696ea3b43e325c
active,supabase/migrations/20260802034000_agentic_chat_worker_stream_delivery_ack.sql,20260802034000,recorded_version_and_name,20260802034000,agentic_chat_worker_stream_delivery_ack,match,not_reaudited,Deployment history match; not a full current-schema audit.,68b13b8263dd7bce619025ad8e7e6619dc53870193ce8a5a855f510dc9d14267
active,supabase/migrations/20260802035000_agentic_chat_worker_cancel_observation.sql,20260802035000,recorded_version_and_name,20260802035000,agentic_chat_worker_cancel_observation,match,not_reaudited,Deployment history match; not a full current-schema audit.,e547916267396c87160018af8d34863c1e887ab11c0f5252d9a2e9763ef1ec8d
active,supabase/migrations/20260802036000_agentic_chat_private_realtime_authorization.sql,20260802036000,recorded_version_and_name,20260802036000,agentic_chat_private_realtime_authorization,match,not_reaudited,Deployment history match; not a full current-schema audit.,6e4dde1da09e4e32614def74f4c4983c020cacd784b5226e16dbf23c32123617
active,supabase/migrations/20260802037000_agentic_chat_worker_reconciliation.sql,20260802037000,recorded_version_and_name,20260802037000,agentic_chat_worker_reconciliation,match,not_reaudited,Deployment history match; not a full current-schema audit.,8e9d377a58e58357f864cffc7d2ac69a46a1eb4eefd45e8afdb0dd1d916d0840
active,supabase/migrations/20260803010000_atomic_document_structure_mutation.sql,20260803010000,recorded_version_and_name,20260803010000,atomic_document_structure_mutation,match,not_reaudited,Deployment history match; not a full current-schema audit.,f569172340efedf09c8855a91a6ebc0b1ff948c9069af6c64e101d89c81136d6
active,supabase/migrations/20260803011000_atomic_document_archive.sql,20260803011000,recorded_version_and_name,20260803011000,atomic_document_archive,match,not_reaudited,Deployment history match; not a full current-schema audit.,c2a9c61c6c2d973d740f86e3768b12123b7a5aec7b1afb96e7e1d52c3dac2a31
active,supabase/migrations/20260803012000_atomic_document_restore.sql,20260803012000,recorded_version_and_name,20260803012000,atomic_document_restore,match,not_reaudited,Deployment history match; not a full current-schema audit.,f4b2d7cc7f9312f19c697e243937187765b71e4d1fe5f9afcfbe5296c36d8250
active,supabase/migrations/20260803013000_atomic_document_delete.sql,20260803013000,recorded_version_and_name,20260803013000,atomic_document_delete,match,not_reaudited,Deployment history match; not a full current-schema audit.,09e81d93fc3afc3a7b11575aa6f96e9efe5b9a40129c8b0de3eac686b8e39fb1
active,supabase/migrations/20260803014000_gmail_reconnect_ai_inbox.sql,20260803014000,recorded_version_and_name,20260803014000,gmail_reconnect_ai_inbox,match,not_reaudited,Deployment history match; not a full current-schema audit.,58d1166117ae25fae2e6a4a654714e15dede590b8f27bb87a30e3f7250fdf9f9
active,supabase/migrations/20260803015000_atomic_relationship_plan.sql,20260803015000,recorded_version_and_name,20260803015000,atomic_relationship_plan,match,not_reaudited,Deployment history match; not a full current-schema audit.,f9a50a9577ff310b60b4aea835ef898410b5da5a80d5ecf16ad3f0b26646912c
active,supabase/migrations/20260803016000_atomic_goal_mutations.sql,20260803016000,recorded_version_and_name,20260803016000,atomic_goal_mutations,match,not_reaudited,Deployment history match; not a full current-schema audit.,bbfbc4b9ed8b11f63a7bf8bb75bf6f533f01d1ec176a2588b87f13139f544f15
active,supabase/migrations/20260803017000_gmail_refresh_token_expiry.sql,20260803017000,recorded_version_and_name,20260803017000,gmail_refresh_token_expiry,match,not_reaudited,Deployment history match; not a full current-schema audit.,c92743635904380e7069601518350eec059723ea1784cedbf848940c2ca76a9c
active,supabase/migrations/20260803018000_atomic_plan_mutations.sql,20260803018000,recorded_version_and_name,20260803018000,atomic_plan_mutations,match,not_reaudited,Deployment history match; not a full current-schema audit.,bd5a54f10e066460016356cfdd8f843d950d5ae4a0527309a460b47745bdf70f
active,supabase/migrations/20260803019000_atomic_task_relationship_mutations.sql,20260803019000,recorded_version_and_name,20260803019000,atomic_task_relationship_mutations,match,not_reaudited,Deployment history match; not a full current-schema audit.,537d45f996814ca9a872319f87cbbbfb18ec73ae81ec877832b032e653407821
active,supabase/migrations/20260804000000_agentic_chat_input_v3_lifecycle_snapshots.sql,20260804000000,recorded_version_and_name,20260804000000,agentic_chat_input_v3_lifecycle_snapshots,match,not_reaudited,Deployment history match; not a full current-schema audit.,3c6548bc9cf1f5853815a5024913eddcad2b4b7e7f93f3093403f4ebb603f8d2
active,supabase/migrations/20260804000100_agentic_chat_terminal_last_turn_context.sql,20260804000100,recorded_version_and_name,20260804000100,agentic_chat_terminal_last_turn_context,different,not_reaudited,Stored SQL uses <> where local uses IS DISTINCT FROM. Current function body matches the later 20260804000110 terminal-sequence-capacity migration; do not replay this old definition.,7fa1c30238f0bcb5d60ffe61e661a98d0c11fc6e68190ddec1d878cb46c07213
active,supabase/migrations/20260804000110_agentic_chat_terminal_sequence_capacity.sql,20260804000110,recorded_version_and_name,20260804000110,agentic_chat_terminal_sequence_capacity,match,not_reaudited,Deployment history match; not a full current-schema audit.,44488ab186f24170f0a4da819e51e1c309d68d89ce611e91eadb222aa61ad739
active,supabase/migrations/20260804000120_agentic_chat_terminal_timing.sql,20260804000120,recorded_version_and_name,20260804000120,agentic_chat_terminal_timing,different,not_reaudited,Stored SQL lacks some local timing/receipt checks. Current function has subsequent cancellation/terminal changes and is not byte-identical to this historical file. Reconcile the final contract rather than replaying the old function.,62f56f60fb20217b412b9f94a113811783c1819db4795cf981905332718f3187
active,supabase/migrations/20260804020000_native_search_page_evidence_versions.sql,20260804020000,recorded_version_and_name,20260804020000,native_search_page_evidence_versions,match,not_reaudited,Deployment history match; not a full current-schema audit.,5a24907259f8a03b04b52abc98024f5d88744b4d698708f29a274134cc3b9bc0
active,supabase/migrations/20260804020100_native_search_evidence_receipt_format.sql,20260804020100,recorded_version_and_name,20260804020100,native_search_evidence_receipt_format,match,not_reaudited,Deployment history match; not a full current-schema audit.,dc92d655d3dd36047e3575c80ed409e1eeba99d0ca646c4398710cc616036678
active,supabase/migrations/20260804030000_phase2_retire_decisions_notes_braindumps.sql,20260804030000,recorded_version_and_name,20260804030000,phase2_retire_decisions_notes_braindumps,match,not_reaudited,Deployment history match; not a full current-schema audit.,40aaca67e56ede1823d1a5bef9cff644926fb9d0158065f96ba55e5b5c00d220
active,supabase/migrations/20260804031000_model_integrity_hardening.sql,20260804031000,recorded_version_and_name,20260804031000,model_integrity_hardening,match,not_reaudited,Deployment history match; not a full current-schema audit.,0208a6b98d58c0ac002c9b730d437af7a60d1c951aea5204183a19ce184c08c0
active,supabase/migrations/20260804032000_agentic_chat_prompt_snapshot.sql,20260804032000,recorded_version_and_name,20260804032000,agentic_chat_prompt_snapshot,match,not_reaudited,Deployment history match; not a full current-schema audit.,cec0d167c73d82d36e4325828b1fb74e93cba98028bb2fb80f612d9872e6a194
active,supabase/migrations/20260804033000_agentic_chat_partial_cancellation_terminal_events.sql,20260804033000,recorded_version_and_name,20260804033000,agentic_chat_partial_cancellation_terminal_events,match,not_reaudited,Deployment history match; not a full current-schema audit.,326cf59a20504216b307a972e0f004f50d49f7a12aeff786822a8f5413e6d414
active,supabase/migrations/20260804034000_agentic_chat_provider_failure_terminal_events.sql,20260804034000,recorded_version_and_name,20260804034000,agentic_chat_provider_failure_terminal_events,match,not_reaudited,Deployment history match; not a full current-schema audit.,01b743b51e60df77d53140c1f7bbb74fec634784e07cfe6ce806321878b830af
active,supabase/migrations/20260804035100_chat_tool_execution_provider_call_identity.sql,20260804035100,recorded_version_and_name,20260804035100,chat_tool_execution_provider_call_identity,match,not_reaudited,Deployment history match; not a full current-schema audit.,15df1e8d1a095379fedcbbb8961f9be5c62b6ca931d6eaa9ddaa85c15ddfcab9
active,supabase/migrations/20260804036000_agentic_chat_read_tool_execution_ledger.sql,20260804036000,recorded_version_and_name,20260804036000,agentic_chat_read_tool_execution_ledger,match,not_reaudited,Deployment history match; not a full current-schema audit.,5c9a5f7268a453277629b8aa77053c650889730b2cfa98e81b747a0e5e330da2
active,supabase/migrations/20260804037000_agentic_chat_worker_lifecycle_observations.sql,20260804037000,recorded_version_and_name,20260804037000,agentic_chat_worker_lifecycle_observations,match,not_reaudited,Deployment history match; not a full current-schema audit.,e82d2de7e8f98a36bf0ba257e9452c81bb782c409a7d5be38bab4e76b3b9755d
active,supabase/migrations/20260806000000_add_emails_sending_status.sql,20260806000000,recorded_version_and_name,20260806000000,add_emails_sending_status,match,not_reaudited,Deployment history match; not a full current-schema audit.,803bdb7c4af326fefae09d1bbe03487e2002d35224b80e540169679bbf1e8c17
active,supabase/migrations/20260806010000_agentic_chat_execution_hardening.sql,20260806010000,recorded_version_and_name,20260806010000,agentic_chat_execution_hardening,match,not_reaudited,Deployment history match; not a full current-schema audit.,ac35c0eafa7738084096375778afc27cacd4776688ca56db9a89cf6033ecb1ab
active,supabase/migrations/20260806020000_agentic_chat_timing_evidence_repair.sql,20260806020000,recorded_version_and_name,20260806020000,agentic_chat_timing_evidence_repair,no_stored_sql,not_reaudited,Ledger row has no stored statements. agentic_chat_epoch_ms body matches; remaining dynamic repair effects were not fully checked.,fcfcc075c2712365f54275a849e5b3c58cefe3e3008a605d60707ab058775c96
active,supabase/migrations/20260806021000_log_client_error_inet_hardening.sql,20260806021000,recorded_version_and_name,20260806021000,log_client_error_inet_hardening,no_stored_sql,not_reaudited,Ledger row has no stored statements. safe_inet body matches; remaining dynamic repair effects were not fully checked.,c56ec19581a8f31cf72ab820f05d8cdcac2b80d57f24b08b2ae5989a58fa2e19
active,supabase/migrations/20260808010000_agentic_chat_read_tool_categories.sql,20260808010000,recorded_version_and_name,20260808010000,agentic_chat_read_tool_categories,match,not_reaudited,Deployment history match; not a full current-schema audit.,023a5ec9c2a733b5b8d1076d14e1e3b3f4ac48df7bb72c5690fa13ae6124d2aa
active,supabase/migrations/20260808020000_retire_legacy_agent_chat.sql,20260808020000,recorded_version_and_name,20260808020000,retire_legacy_agent_chat,match,not_reaudited,Deployment history match; not a full current-schema audit.,529c803e96f5ca5f1eaa9289d9bfe0732a846b4f3ba1b9778db49f027f926065
active,supabase/migrations/20260808130000_agentic_chat_tool_validation_failure_ledger.sql,20260808130000,recorded_version_and_name,20260808130000,agentic_chat_tool_validation_failure_ledger,match,not_reaudited,Deployment history match; not a full current-schema audit.,904c0fac9ca57488b383f57f1fb5b9de6d42dbf4370172c3173a5b37b48a3e83
active,supabase/migrations/20260808140000_agentic_chat_true_tool_round_count.sql,20260808140000,recorded_version_and_name,20260808140000,agentic_chat_true_tool_round_count,match,not_reaudited,Deployment history match; not a full current-schema audit.,ad7ef37205c6cbdf7128fc3d75794a93eb7c478219686759130d2de845d20d13
active,supabase/migrations/20260809010000_agentic_chat_mutation_tool_execution_ledger.sql,20260809010000,recorded_version_and_name,20260809010000,agentic_chat_mutation_tool_execution_ledger,match,not_reaudited,Deployment history match; not a full current-schema audit.,13012939a25e3b40ebb51945bcf0d2a7083a0fdd480ebac966acfd689df10afd
active,supabase/migrations/20260809020000_agentic_chat_mutation_tool_execution_legacy_category.sql,20260809020000,recorded_version_and_name,20260809020000,agentic_chat_mutation_tool_execution_legacy_category,match,not_reaudited,Deployment history match; not a full current-schema audit.,f7329e2c661703a84c457abe760bb08ddb363d4aa15217f2047ddaae3af79a11
active,supabase/migrations/20260810010000_atomic_task_semantic_relationship_update.sql,20260810010000,recorded_version_and_name,20260810010000,atomic_task_semantic_relationship_update,match,not_reaudited,Deployment history match; not a full current-schema audit.,8753d75b2de296de5d4fca15dfd9ed69741cab5a150f3a8fbe71428f44b414b9
active,supabase/migrations/20260810020000_atomic_task_create_milestone_relationship.sql,20260810020000,recorded_version_and_name,20260810020000,atomic_task_create_milestone_relationship,match,not_reaudited,Deployment history match; not a full current-schema audit.,bceeac1605353d14bf80e5bd1b1e69b2ea486204d857cd0b6ddd79fd11e50e15
active,supabase/migrations/20260811010000_agentic_chat_task_move_worker_bridge.sql,20260811010000,recorded_version_and_name,20260811010000,agentic_chat_task_move_worker_bridge,match,not_reaudited,Deployment history match; not a full current-schema audit.,a4c4022d9aa7996f9853bf72237f29dd3c8f4ab9d3092811da68a7e8679e7170
active,supabase/migrations/20260811230000_agentic_chat_effect_scope_trigger_null_guard.sql,20260811230000,recorded_version_and_name,20260811230000,agentic_chat_effect_scope_trigger_null_guard,match,not_reaudited,Deployment history match; not a full current-schema audit.,ac9be4c7f7a9cbb9670089857d9faf5a57d7eb33fa81521e0175a612778a87fd
active,supabase/migrations/20260811235000_multi_google_calendar_connections_foundation.sql,20260811235000,recorded_version_and_name,20260811235000,multi_google_calendar_connections_foundation,match,not_reaudited,Deployment history match; not a full current-schema audit.,6e6e33df3a9565f3bc40e62eb61b66056f0e65dc66d3d6f54fbd460096a9d641
active,supabase/migrations/20260812000000_agentic_chat_prepared_history_currency_guard.sql,20260812000000,recorded_version_and_name,20260812000000,agentic_chat_prepared_history_currency_guard,match,not_reaudited,Deployment history match; not a full current-schema audit.,559c9907b1a8a1e3aba7d8c7d13ae9ff51d981aaa84a82d659d0d1190eb0d445
active,supabase/migrations/20260812001500_multi_google_calendar_onto_event_sync_compatibility.sql,20260812001500,recorded_version_and_name,20260812001500,multi_google_calendar_onto_event_sync_compatibility,match,not_reaudited,Deployment history match; not a full current-schema audit.,fce0af03e4e820159b7cca2e954329fe596fc9ccac219a4b1f217c4b23751608
active,supabase/migrations/20260812010000_agentic_chat_history_state_contract.sql,20260812010000,recorded_version_and_name,20260812010000,agentic_chat_history_state_contract,match,not_reaudited,Deployment history match; not a full current-schema audit.,0d6c04ee47958fba5eb207ea085de6383b9bc723add25ebcd23c3c97156dea70
active,supabase/migrations/20260812020000_multi_google_calendar_project_resource_provenance.sql,20260812020000,recorded_version_and_name,20260812020000,multi_google_calendar_project_resource_provenance,match,not_reaudited,Deployment history match; not a full current-schema audit.,94ad4ff332b65a9a54acaa6bb6f3efa1f14deca24d5a106a864969bd24a7fc81
active,supabase/migrations/20260812030000_agentic_chat_attachment_reference_contract.sql,20260812030000,recorded_version_and_name,20260812030000,agentic_chat_attachment_reference_contract,match,not_reaudited,Deployment history match; not a full current-schema audit.,ba0325c966a1ec3bf19c8014058861044425bbebe96f352afe69b3a662756742
active,supabase/migrations/20260812040000_agentic_chat_live_vision_resolution_receipts.sql,20260812040000,recorded_version_and_name,20260812040000,agentic_chat_live_vision_resolution_receipts,match,not_reaudited,Deployment history match; not a full current-schema audit.,cfe3fcad4a9bd161e5ff4ea657090a122b877ff9b39bd0368abf8b431d169f03
active,supabase/migrations/20260812050000_multi_google_calendar_webhook_identity.sql,20260812050000,recorded_version_and_name,20260812050000,multi_google_calendar_webhook_identity,match,not_reaudited,Deployment history match; not a full current-schema audit.,ac82420fcdacbbed7c1d5ca352fb432c3e8053944ee4f82489ecbfc63cd17956
active,supabase/migrations/20260812060000_multi_google_calendar_analysis_provenance.sql,20260812060000,recorded_version_and_name,20260812060000,multi_google_calendar_analysis_provenance,match,not_reaudited,Deployment history match; not a full current-schema audit.,690383ed1c10b25b255ef154404bfc63f6f6d128f20a6a4645ee2738821ac7d4
active,supabase/migrations/20260813010000_agentic_chat_supervisor_question_checkpoint.sql,20260813010000,recorded_version_and_name,20260813010000,agentic_chat_supervisor_question_checkpoint,match,not_reaudited,Deployment history match; not a full current-schema audit.,7affba28bbbb72fbf8a70c263e78fe917ad3be8431d83dae1197c257fcc1bc64
active,supabase/migrations/20260813020000_agentic_chat_checkpoint_resume_lifecycle.sql,20260813020000,recorded_version_and_name,20260813020000,agentic_chat_checkpoint_resume_lifecycle,match,not_reaudited,Deployment history match; not a full current-schema audit.,8cee72d1b8f79818094761c2359426601481141f129245339081395c9ac61947
active,supabase/migrations/20260813030000_agentic_chat_research_capture.sql,20260813030000,recorded_version_and_name,20260813030000,agentic_chat_research_capture,match,not_reaudited,Deployment history match; not a full current-schema audit.,208e51a9920e079edf0b518b66cad8c821358930658508eb5a1509e308cbd84c
active,supabase/migrations/20260813040000_agentic_chat_stated_future_evidence.sql,20260813040000,recorded_version_and_name,20260813040000,agentic_chat_stated_future_evidence,match,not_reaudited,Deployment history match; not a full current-schema audit.,6fb816aa385c9a2f0aa07db760b95a2d150f4d5f48fd6313be3ab6a36c3031b6
active,supabase/migrations/20260813050000_agentic_chat_prompt_snapshot_tool_definitions.sql,20260813050000,recorded_version_and_name,20260813050000,agentic_chat_prompt_snapshot_tool_definitions,match,not_reaudited,Deployment history match; not a full current-schema audit.,b467b1a805b2f6cfe84717963298a5ddfebcc7c2d9a9106fcf9deb30cf1c99cf
active,supabase/migrations/20260813060000_agentic_chat_terminal_pending_intent_metadata.sql,20260813060000,recorded_version_and_name,20260813060000,agentic_chat_terminal_pending_intent_metadata,match,not_reaudited,Deployment history match; not a full current-schema audit.,65aaa9aaa0b06f1b6a9cb17d3c4a5e314849f5313957c63162d773d904428624
active,supabase/migrations/20260813070000_agentic_chat_terminal_domain_metadata.sql,20260813070000,recorded_version_and_name,20260813070000,agentic_chat_terminal_domain_metadata,match,not_reaudited,Deployment history match; not a full current-schema audit.,348feeca79d47e6987b87fabe23a37c95f51fdc6e4b830eeced86e74d6e0b643
active,supabase/migrations/20260814010000_agentic_chat_terminal_pending_contract_metadata.sql,20260814010000,recorded_version_and_name,20260814010000,agentic_chat_terminal_pending_contract_metadata,match,not_reaudited,Deployment history match; not a full current-schema audit.,99bf2b9662f1e49b62e0e36771f4c0546a76ab50777a435aac4ceedd64006a7e
active,supabase/migrations/20260814011000_agentic_chat_turn_contract_worker_hardening.sql,20260814011000,recorded_version_and_name,20260814011000,agentic_chat_turn_contract_worker_hardening,match,not_reaudited,Deployment history match; not a full current-schema audit.,a370e4daeec35ee1d9c999cc467f82e84438e546cc916cef03d6f3bbfb4124b1
active,supabase/migrations/20260814012000_agentic_chat_contract_rpc_surface_reload.sql,20260814012000,recorded_version_and_name,20260814012000,agentic_chat_contract_rpc_surface_reload,match,not_reaudited,Deployment history match; not a full current-schema audit.,488accea0dd832a819b8fda2b752747840f22ee343d3b297e548aa744297360d
active,supabase/migrations/20260814013000_agentic_chat_contract_internal_helpers.sql,20260814013000,recorded_version_and_name,20260814013000,agentic_chat_contract_internal_helpers,match,not_reaudited,Deployment history match; not a full current-schema audit.,15b5a838f25bbba810022f8d94cb8e1f818608464eda585359851d459755c281
active,supabase/migrations/20260814020000_project_review_manager_brief_inbox.sql,20260814020000,recorded_version_and_name,20260814020000,project_review_manager_brief_inbox,match,not_reaudited,Deployment history match; not a full current-schema audit.,771cd0157d2bcc6c3b4140f3d249a74ee8c49e6d37b818a00f7907fbdab80638
active,supabase/migrations/20260815010000_agentic_chat_clarification_contract_reset.sql,20260815010000,recorded_version_and_name,20260815010000,agentic_chat_clarification_contract_reset,different,not_reaudited,Local migration adds prerequisite and already-applied guards around the DO patch; the stored migration predates those replay guards. Ledger entry exists; no new deployment failure inferred.,57cfb46c08cf501873679bba13a5ce49087ca062501ab138621fd429970d8a4b
active,supabase/migrations/20260815173000_agentic_chat_provider_observation_logical_round.sql,20260815173000,recorded_version_and_name,20260815173000,agentic_chat_provider_observation_logical_round,match,not_reaudited,Deployment history match; not a full current-schema audit.,4efb28b33c96650b042b4e4ece5ccc46bb6cae7a17b03628576baa038dcc88d7
active,supabase/migrations/20260817010000_agentic_chat_prompt_snapshot_runtime_augmentation.sql,20260817010000,recorded_version_and_name,20260817010000,agentic_chat_prompt_snapshot_runtime_augmentation,match,not_reaudited,Deployment history match; not a full current-schema audit.,0343833c54856cb45af6dabd6611d9457d055b4ecb1faacdf96c31b3a8a7f162
active,supabase/migrations/20260817020000_agentic_chat_provider_attempt_timing_receipts.sql,20260817020000,recorded_version_and_name,20260817020000,agentic_chat_provider_attempt_timing_receipts,match,not_reaudited,Deployment history match; not a full current-schema audit.,f8f21d5ef46bed06d6ec3e4d39bd44ede8748b5171ab8d03a6efad4cfd8de9ba
active,supabase/migrations/20260820010000_agentic_chat_worker_retention_cleanup.sql,20260820010000,recorded_version_and_name,20260820010000,agentic_chat_worker_retention_cleanup,match,not_reaudited,Deployment history match; not a full current-schema audit.,7f7fd178cf1c5e96ae0c739dea211d0ef547d56ad9f805eeb21423aa060cc939
active,supabase/migrations/20260822010000_agentic_chat_execution_observation_rejected_tool.sql,20260822010000,recorded_version_and_name,20260822010000,agentic_chat_execution_observation_rejected_tool,match,not_reaudited,Deployment history match; not a full current-schema audit.,77276d76643d3fa7807b2dc11fd65303b89f1372ab7d0f4f9901839e9c5cc3b9
active,supabase/migrations/20260824205329_attach_worker_voice_note_groups.sql,20260824205329,recorded_version_and_name,20260824205329,attach_worker_voice_note_groups,match,not_reaudited,Deployment history match; not a full current-schema audit.,a8b9785ba5de9744b55d9e34aadb1c68ff928789dbc3f7d5eb84f2d79e5ae652
active,supabase/migrations/20260825161846_agentic_chat_queue_first_admission.sql,20260825161846,recorded_version_and_name,20260825161846,agentic_chat_queue_first_admission,placeholder_only,not_reaudited,"Ledger statements contain only the migration name, not executable SQL. Deployment is recorded, but that row cannot certify file content.",5d778d250b65ee10a975d1a5bef87125edf4cc2565bcc593f5ab44b30d00a9ad
active,supabase/migrations/20260825181727_harden_ontology_actor_access_rpcs.sql,20260825181727,recorded_version_and_name,20260825181727,harden_ontology_actor_access_rpcs,match,not_reaudited,Deployment history match; not a full current-schema audit.,4a8e5062a37e0f2d2e5ea5b2db6e5081ddc922f463f9bb4a3945403467ab94e8
active,supabase/migrations/20260825211342_add_run_cycle_queue_type.sql,20260825211342,recorded_version_and_name,20260825211342,add_run_cycle_queue_type,match,not_reaudited,Deployment history match; not a full current-schema audit.,edc95c42365d9fa4abc50a4abd0c76851def8c5f086860b0db8877c3e7d90116
active,supabase/migrations/20260825211343_cycles_v0_foundation.sql,20260825211343,recorded_version_and_name,20260825211343,cycles_v0_foundation,match,not_reaudited,Deployment history match; not a full current-schema audit.,4676d6928822135744f00dcc6044ddcd3c0d3d3ff0f77656bf345dfa3fd0149e
active,supabase/migrations/20260825211344_cycles_v0_commands.sql,20260825211344,recorded_version_and_name,20260825211344,cycles_v0_commands,match,not_reaudited,Deployment history match; not a full current-schema audit.,c6dc8d6147061afbc612f1009f22ce6cf2a09cb0824ce1b235dbe7b52ed08152
active,supabase/migrations/20260826010526_harden_cycle_service_role_wrappers.sql,20260826010526,recorded_version_and_name,20260826010526,harden_cycle_service_role_wrappers,match,not_reaudited,Deployment history match; not a full current-schema audit.,d1efc5a6e43f8e8f527a9384704aa401dc8e4598c16f8839ed74c2273b72d607
active,supabase/migrations/20260826011409_cycle_due_trigger_coordinator.sql,20260826011409,recorded_version_and_name,20260826011409,cycle_due_trigger_coordinator,match,not_reaudited,Deployment history match; not a full current-schema audit.,3afc3e3bffff55c871e0b14c88ed84253fe26def30dd5dcf523b260816d0dc5a
active,supabase/migrations/20260826013205_add_cycle_misfire_skip_resolution.sql,20260826013205,recorded_version_and_name,20260826013205,add_cycle_misfire_skip_resolution,match,not_reaudited,Deployment history match; not a full current-schema audit.,886b3622b07a541d644e43b81691e4bfc243af933c98a7b131661f4429370fc9
active,supabase/migrations/20260826014109_add_daily_brief_cycle_lead_time.sql,20260826014109,recorded_version_and_name,20260826014109,add_daily_brief_cycle_lead_time,match,not_reaudited,Deployment history match; not a full current-schema audit.,1db53c3cefae91900f0c18b017118b19c3b1784ee9883fd68b6cdd2fdd2f81f8
active,supabase/migrations/20260826150000_document_version_number_uniqueness.sql,20260826150000,recorded_version_and_name,20260826150000,document_version_number_uniqueness,match,not_reaudited,Deployment history match; not a full current-schema audit.,4a4ef6b6f85d2b7c45e7976881a279fff806a28ff47da0d439fac1cbe735e6e1
active,supabase/migrations/20260826180136_harden_cycle_worker_fencing.sql,20260826180136,recorded_version_and_name,20260826180136,harden_cycle_worker_fencing,match,not_reaudited,Deployment history match; not a full current-schema audit.,290fe6a6334bad77a7814ce62b11fcd373a2b1a84a34c14a4c4cbf029a4ecbe9
active,supabase/migrations/20260826190000_drop_duplicate_document_version_index.sql,20260826190000,recorded_version_and_name,20260826190000,drop_duplicate_document_version_index,match,not_reaudited,Deployment history match; not a full current-schema audit.,6beec1b14391d8487b73499d6d34c1ee1f85bfb96793db254b18ae2cc79b797c
active,supabase/migrations/20260826203546_atomic_cycle_trigger_replacement.sql,20260826203546,recorded_version_and_name,20260826203546,atomic_cycle_trigger_replacement,match,not_reaudited,Deployment history match; not a full current-schema audit.,7a21ca0de3f477420baf6c9796991e75bfeb5c15d5eafe8c20c5f95d1df18666
active,supabase/migrations/20260827022436_add_document_content_hash.sql,20260827022436,recorded_version_and_name,20260827022436,add_document_content_hash,match,not_reaudited,Deployment history match; not a full current-schema audit.,4548dbe72d9debfa503bc1d9bdea1d0bbb208ad52486b383c34cfac5c5b9ddca
active,supabase/migrations/20260827022510_create_document_proposals.sql,20260827022510,recorded_version_and_name,20260827022510,create_document_proposals,body_comment_difference,not_reaudited,"Difference is inside the lifecycle function body; after removing body comments and whitespace, SQL tokens match. No functional difference found.",04960d88e537a66a74b9699cbf670ad62ad5d41d566381ae9ac323d25a3da720
active,supabase/migrations/20260827022735_restrict_document_proposal_mutations.sql,20260827022735,recorded_version_and_name,20260827022735,restrict_document_proposal_mutations,match,not_reaudited,Deployment history match; not a full current-schema audit.,2e6c09967c725d5c4d381581d2c7d7025e1abe2d7f445d153c83c479bb1c1a91
active,supabase/migrations/20260827040932_scope_member_rls_policies_to_authenticated.sql,20260827040932,recorded_version_and_name,20260827040932,scope_member_rls_policies_to_authenticated,match,not_reaudited,Deployment history match; not a full current-schema audit.,720f68aa4d8210ad26b2b283dfd17c9af8570b61d538b714549a0684c27d9aea
active,supabase/migrations/20260827132854_query_performance_cleanup.sql,20260827132854,recorded_different_version,20260827133601,query_performance_cleanup,match,not_reaudited,"Same migration name and matching SQL after outside-quote comment/whitespace normalization, recorded under the alternate remote timestamp.",20290b2de358db21b9fcf724d9b77a191ceb2eedfcabf2eef3ed88a3c07484c4
active,supabase/migrations/20260828040905_agentic_chat_worker_session_handoff.sql,20260828040905,unrecorded,,,no_matching_ledger_entry,selected_effects_present,persist_agentic_chat_session_handoff body matches and is service-only; other migration effects were not fully checked.,d8b29bc3a3f694ddf5f240b6137faf7d677f35f619599cd18f110e59794725a8
active,supabase/migrations/20260828120000_semantic_discovery_embeddings.sql,20260828120000,recorded_version_and_name,20260828120000,semantic_discovery_embeddings,match,not_reaudited,Deployment history match; not a full current-schema audit.,07fb5e67f350475c98ec57a1b551fb6ed2ee765e914aaa10a5a43cc05bb9d27e
active,supabase/migrations/20260828214734_agentic_chat_validation_failure_count.sql,20260828214734,recorded_version_and_name,20260828214734,agentic_chat_validation_failure_count,match,not_reaudited,Deployment history match; not a full current-schema audit.,81b28a22f87e859c55f9b20cf340e58914f57c406941667732ca3909a8840560
active,supabase/migrations/20260828221405_agentic_chat_provider_pass_telemetry.sql,20260828221405,recorded_version_and_name,20260828221405,agentic_chat_provider_pass_telemetry,match,not_reaudited,Deployment history match; not a full current-schema audit.,0453491335774b0e5c0255255b4af05dba9b5d7254bd6d86b1e4e11d0db5b31d
active,supabase/migrations/20260829183727_libri_foundation.sql,20260829183727,recorded_version_and_name,20260829183727,libri_foundation,match,not_reaudited,Deployment history match; not a full current-schema audit.,286925ca70c8a6483e4fa38a642cb084a2b6345fdd20e4677c42e8a2fc2880a0
active,supabase/migrations/20260829192710_libri_chapter_note_core.sql,20260829192710,recorded_version_and_name,20260829192710,libri_chapter_note_core,match,not_reaudited,Deployment history match; not a full current-schema audit.,c0741b7bd8b3e8baa243161a45192e73e8955e17dd9c971c68fcd4a42ae30a3b
active,supabase/migrations/20260829201033_libri_source_registry_chunks.sql,20260829201033,recorded_version_and_name,20260829201033,libri_source_registry_chunks,match,not_reaudited,Deployment history match; not a full current-schema audit.,97481030f7d37f2c44d9545c8dea72dd23edb82fa834edee2b7bc087e15c8811
active,supabase/migrations/20260829202608_libri_images_private_storage.sql,20260829202608,recorded_version_and_name,20260829202608,libri_images_private_storage,match,not_reaudited,Deployment history match; not a full current-schema audit.,b718303be08fd10f74a09c45e3f1dda06c21e192745f7fbba72191b1130ca388
active,supabase/migrations/20260829203729_libri_youtube_entity_edges.sql,20260829203729,recorded_version_and_name,20260829203729,libri_youtube_entity_edges,match,not_reaudited,Deployment history match; not a full current-schema audit.,277d74a2da7a685c548915bbff9517e74f7f19a666a2c070edc4f7f3689dc1c9
active,supabase/migrations/20260829204949_libri_derived_artifacts_profiles.sql,20260829204949,recorded_version_and_name,20260829204949,libri_derived_artifacts_profiles,match,not_reaudited,Deployment history match; not a full current-schema audit.,3cd65677a6b6611d4f67533a2fcaf683815ca665b880982e501ccb43c6b92f29
active,supabase/migrations/20260829223736_restore_personal_onto_events_rls.sql,20260829223736,recorded_version_and_name,20260829223736,restore_personal_onto_events_rls,match,not_reaudited,Deployment history match; not a full current-schema audit.,5579730014f6fd7461e98050cd4193582080ba4bc39d4d520d0556bbe5f6c931
active,supabase/migrations/20260829232231_libri_research_orchestration.sql,20260829232231,recorded_version_and_name,20260829232231,libri_research_orchestration,match,not_reaudited,Deployment history match; not a full current-schema audit.,f24697fc997a93dc802ce745b960961af489c94f88f1380d50a7dc555c673a7a
active,supabase/migrations/20260829235308_agent_call_bootstrap_hardening.sql,20260829235308,unrecorded,,,no_matching_ledger_entry,selected_effects_present,cleanup_expired_agent_call_bootstrap_links body matches and is service-only; other migration effects were not fully checked.,f225bb47a4365e7f004fa6172f5ffa91efe5b7757e88f92b34ae500d73a63d19
active,supabase/migrations/20260829235830_add_onto_event_sync_event_user_provider_uniqueness.sql,20260829235830,recorded_version_and_name,20260829235830,add_onto_event_sync_event_user_provider_uniqueness,match,not_reaudited,Deployment history match; not a full current-schema audit.,523b01dd3483ea63091b5703a79763b848ebe899346cc433d6266452238f2177
active,supabase/migrations/20260830010000_agentic_chat_track_i_hardening.sql,20260830010000,recorded_version_and_name,20260830010000,agentic_chat_track_i_hardening,match,not_reaudited,Deployment history match; not a full current-schema audit.,5f02ccdb65c038b9399f6de8ca8056e3a2948b4b8888dc05ac6bbd6acda3f62a
active,supabase/migrations/20260830155952_agentic_chat_stale_legacy_turn_reaper.sql,20260830155952,recorded_version_and_name,20260830155952,agentic_chat_stale_legacy_turn_reaper,match,not_reaudited,Deployment history match; not a full current-schema audit.,dab905880887d34b83b55daf60d26c11ddd538465a1edb6749dc8adccefebd29
active,supabase/migrations/20260830163828_fix_task_series_enable_schema_drift.sql,20260830163828,recorded_version_and_name,20260830163828,fix_task_series_enable_schema_drift,match,not_reaudited,Deployment history match; not a full current-schema audit.,502219ec5356974aeedddf8e41aadbe09b4c1dbabc62d793a2fdf760d5ee9490
active,supabase/migrations/20260830173250_agentic_chat_materialized_context_cache.sql,20260830173250,recorded_version_and_name,20260830173250,agentic_chat_materialized_context_cache,match,not_reaudited,Deployment history match; not a full current-schema audit.,5b417ebe80e37c91928ec74ac695ac7e2d01d6bc689d0b3527ad6ff9800a8d46
active,supabase/migrations/20260830181834_libri_worker_access_boundary.sql,20260830181834,recorded_version_and_name,20260830181834,libri_worker_access_boundary,match,not_reaudited,Deployment history match; not a full current-schema audit.,fd1dcd646b4ad2faa964ce57237a2668d44d263b5b0585762643cc5c6794c704
active,supabase/migrations/20260830184117_agentic_chat_prepared_admission_lease.sql,20260830184117,recorded_version_and_name,20260830184117,agentic_chat_prepared_admission_lease,match,not_reaudited,Deployment history match; not a full current-schema audit.,c0ec658fb045162461d19a3a83fb9458e416e206be72678068c854acac5f48d7
active,supabase/migrations/20260830190000_semantic_discovery_phase3_search_scope.sql,20260830190000,unrecorded,,,no_matching_ledger_entry,selected_effects_present,onto_search_entities body matches with authenticated/service execution and no anon execution; not a full migration-effect certification.,75cfbd04952b1f9b23020c57e5c120005fb0119e776856d2667fa6e3ffc02658
active,supabase/migrations/20260830195800_fix_agent_run_atomic_dispatch_trigger_cast.sql,20260830195800,recorded_different_version,20260830200035,fix_agent_run_atomic_dispatch_trigger_cast,match,not_reaudited,"Same migration name and matching SQL after outside-quote comment/whitespace normalization, recorded under the alternate remote timestamp.",341ba064ee95bde488dccdcccaeeaced724ca706352cb3af073c68770b4830c5
active,supabase/migrations/20260830213000_agentic_chat_prepared_admission_hardening.sql,20260830213000,recorded_version_and_name,20260830213000,agentic_chat_prepared_admission_hardening,match,not_reaudited,Deployment history match; not a full current-schema audit.,f1fea3a47888f55967aad36d23cd051065d0ae24cdf89bf03c3e16f9d9db94c2
active,supabase/migrations/20260830224500_libri_provider_cost_ledger.sql,20260830224500,recorded_version_and_name,20260830224500,libri_provider_cost_ledger,match,not_reaudited,Deployment history match; not a full current-schema audit.,aef3be06e0b838ae4057a6247bcd377da52447ae540b1b5f7a6ca0f98f9d15ca
active,supabase/migrations/20260831003232_fix_agentic_chat_history_state_trigger_composition.sql,20260831003232,recorded_version_and_name,20260831003232,fix_agentic_chat_history_state_trigger_composition,match,not_reaudited,Deployment history match; not a full current-schema audit.,fe08f210ddfbf9dfc14836d3a7575ead13ed90290a94fe0f14322ec836abf9eb
active,supabase/migrations/20260831145458_libri_ocr_asset_grants.sql,20260831145458,recorded_version_and_name,20260831145458,libri_ocr_asset_grants,match,not_reaudited,Deployment history match; not a full current-schema audit.,e2b7526a56fd015be10be7956a4fc31901b51b26945e9e72281dbf6d04aba466
active,supabase/migrations/20260831151000_agent_run_review_completion_guard.sql,20260831151000,recorded_version_and_name,20260831151000,agent_run_review_completion_guard,match,not_reaudited,Deployment history match; not a full current-schema audit.,6bcf4c87a11f191e140181e8f2438456c8ea1795d8a56835be9bb49a50e1ac9b
active,supabase/migrations/20260831220245_libri_ocr_atomic_completion.sql,20260831220245,recorded_version_and_name,20260831220245,libri_ocr_atomic_completion,match,not_reaudited,Deployment history match; not a full current-schema audit.,2248abd94b1b32dd0f1452eceee86e2cc8310a1e7813ebbc61deef9bac9b3da3
active,supabase/migrations/20260831223000_libri_ocr_core_sha256.sql,20260831223000,recorded_version_and_name,20260831223000,libri_ocr_core_sha256,match,not_reaudited,Deployment history match; not a full current-schema audit.,001ca373ec4be3feafe327e9764f82f7718379b6dffa452453d12193fbdcb366
active,supabase/migrations/20260901012550_libri_explicit_ocr_batch_planner.sql,20260901012550,recorded_version_and_name,20260901012550,libri_explicit_ocr_batch_planner,match,not_reaudited,Deployment history match; not a full current-schema audit.,3adb2fb58cbc35a708d33e658a85ca5fd650f2959711694e3686494aa6a49ff6
active,supabase/migrations/20260901014021_libri_ocr_batch_retry_guard.sql,20260901014021,recorded_version_and_name,20260901014021,libri_ocr_batch_retry_guard,match,not_reaudited,Deployment history match; not a full current-schema audit.,a2a829517e6bf4a213fccb70791f4d1fd478b70dd146ad8e3512dd46f6069394
active,supabase/migrations/20260901020431_libri_explicit_ocr_batch_admission.sql,20260901020431,recorded_version_and_name,20260901020431,libri_explicit_ocr_batch_admission,match,not_reaudited,Deployment history match; not a full current-schema audit.,66ff38b3af58673c3dd729da1993cb96c24d9417b59941728ecbaab23f9cc977
active,supabase/migrations/20260901054000_libri_ocr_batch_dispatcher_access.sql,20260901054000,recorded_version_and_name,20260901054000,libri_ocr_batch_dispatcher_access,match,not_reaudited,Deployment history match; not a full current-schema audit.,996abdc33a404aa18624f713aaeca1872738fced30588e225c4be1eaf589cf1e
active,supabase/migrations/20260901055654_libri_provider_cost_reservation_step_index.sql,20260901055654,recorded_version_and_name,20260901055654,libri_provider_cost_reservation_step_index,match,not_reaudited,Deployment history match; not a full current-schema audit.,1415341c2639239bbb89480ed603d9bcc9fd3cca0837b8af1a81b86efc307823
active,supabase/migrations/20260901070000_web_page_evidence_account_deletion_cascade.sql,20260901070000,recorded_version_and_name,20260901070000,web_page_evidence_account_deletion_cascade,match,not_reaudited,Deployment history match; not a full current-schema audit.,daf18596267a302c5b0e7d515fda54c25dec289897367fd2eaed4eef9f06eb2a
active,supabase/migrations/20260901153414_libri_ocr_admission_dispatch_timestamp_guard.sql,20260901153414,recorded_version_and_name,20260901153414,libri_ocr_admission_dispatch_timestamp_guard,match,not_reaudited,Deployment history match; not a full current-schema audit.,dd5edbfcb3476c201640c6a5610d56a4abecbc18ab3c0296399920343106b4c7
active,supabase/migrations/20260901155435_libri_ocr_admission_finalizer_hardening.sql,20260901155435,recorded_version_and_name,20260901155435,libri_ocr_admission_finalizer_hardening,different,not_reaudited,"Two stored trigger-function bodies differ from local OCR hardening, but all five current production function bodies match the local file. Current function definitions have already been corrected; stored history is stale.",8e0c60e40e30f696b81ac8679b03067c94cab250a571219d69c7ac3ceaba1b77
active,supabase/migrations/20260901163552_libri_ocr_admission_production_drift_correction.sql,20260901163552,recorded_version_and_name,20260901163552,libri_ocr_admission_production_drift_correction,match,not_reaudited,Deployment history match; not a full current-schema audit.,adb6e44f7a34b9eedce81836abf986c07510eaf2da36127218a7570ba5bdaff2
active,supabase/migrations/20260902025903_libri_frontend_catalog_read_boundary.sql,20260902025903,recorded_version_and_name,20260902025903,libri_frontend_catalog_read_boundary,match,not_reaudited,Deployment history match; not a full current-schema audit.,60f2882c2f4e1fad862fe4245fbc62ac4d537c7d8ce3a6d46c3dc63aa9503679
active,supabase/migrations/20260902040000_agentic_chat_read_planning_observability.sql,20260902040000,recorded_version_and_name,20260902040000,agentic_chat_read_planning_observability,match,not_reaudited,Deployment history match; not a full current-schema audit.,a30ad5e62ea9ed2669f732de0347dec11e4431cf35a171496f89213f26d9e38d
active,supabase/migrations/20260902150000_agentic_chat_recovery_throttle_backoff_seconds.sql,20260902150000,recorded_version_and_name,20260902150000,agentic_chat_recovery_throttle_backoff_seconds,match,not_reaudited,Deployment history match; not a full current-schema audit.,962a5b7972f2d9eaa2fcd099fe501b651c0f4c0fe940e3934abacd242bceeaac
active,supabase/migrations/20260903230207_libri_frontend_author_read_boundary.sql,20260903230207,recorded_version_and_name,20260903230207,libri_frontend_author_read_boundary,match,not_reaudited,Deployment history match; not a full current-schema audit.,0593a7ec374e83384aef5fe3f2015657b3e439b33a007966c1f1bdc95b0f5e50
active,supabase/migrations/20260904000000_start_here_document_selection_marker.sql,20260904000000,unrecorded,,,no_matching_ledger_entry,selected_effects_present,Both project-full RPC bodies match marker-first selection. The historical data backfill was not verified.,9044f28593234cf52bac8f422e6d3144c1f986f66531b37a74e245422ff6b8c5
active,supabase/migrations/20260905012719_agentic_chat_prepared_overlay_copy_contract.sql,20260905012719,unrecorded,,,no_matching_ledger_entry,selected_effects_present,The exact new prepared-surface guard is present in the admission RPC; pgcrypto is in extensions and service_role can use the schema and digest function. Other surrounding function effects were not fully certified.,d8814b6e317d99cb07ca92458dda33025abf1ff500f664c779fa94b6a69324f8
active,supabase/migrations/20260906184227_libri_private_image_upload_admission.sql,20260906184227,recorded_version_and_name,20260906184227,libri_private_image_upload_admission,match,not_reaudited,Deployment history match; not a full current-schema audit.,cc47117d9832cae7ffecabab60a2882a46e52f6838869e968ddec704dc71847a
active,supabase/migrations/20260906201700_libri_upload_processing_leases.sql,20260906201700,recorded_version_and_name,20260906201700,libri_upload_processing_leases,match,not_reaudited,Deployment history match; not a full current-schema audit.,ad0e8127c17653f7268b5b5bdd9efe5f7a843bf33f1cbfd3768f91808d5902b9
active,supabase/migrations/20260907015150_libri_upload_download_authorization.sql,20260907015150,recorded_version_and_name,20260907015150,libri_upload_download_authorization,match,not_reaudited,Deployment history match; not a full current-schema audit.,3acbaf3b4beb789d162ecdf7ced702673a6c4df671049449b7267da6cec3d089
active,supabase/migrations/20260907041707_libri_upload_publication_contract.sql,20260907041707,recorded_version_and_name,20260907041707,libri_upload_publication_contract,match,not_reaudited,Deployment history match; not a full current-schema audit.,79a795f726ab6081bca64ef38388bcadd01d783a5edf08d8932babc503d2707a
active,supabase/migrations/20260907043724_libri_upload_claim_deadline_refresh.sql,20260907043724,recorded_version_and_name,20260907043724,libri_upload_claim_deadline_refresh,match,not_reaudited,Deployment history match; not a full current-schema audit.,a7cca9fb05db34d1ae2c3c136a96fa31798d7cb1699913e166a74c2b16499c45
active,supabase/migrations/20260907154152_libri_upload_retirement_tombstones.sql,20260907154152,recorded_version_and_name,20260907154152,libri_upload_retirement_tombstones,match,not_reaudited,Deployment history match; not a full current-schema audit.,76063798e5f1b5c21a5faf065a0f0e3a2f047429a02538ced549d9266be48580
active,supabase/migrations/20260907162504_fix_document_content_hash_recency_guard.sql,20260907162504,recorded_version_and_name,20260907162504,fix_document_content_hash_recency_guard,match,not_reaudited,Deployment history match; not a full current-schema audit.,25c5b09748312b9fe9c2a3d1b455ba7b50e3c6ac59c6745e5701c567cb860097
active,supabase/migrations/20260907200711_harden_document_recency_guard_search_path.sql,20260907200711,recorded_version_and_name,20260907200711,harden_document_recency_guard_search_path,match,not_reaudited,Deployment history match; not a full current-schema audit.,0270cb06a08740a9c4675adb003c74447e581a54e531475393bd103f929bb6cf
active,supabase/migrations/20260908192820_libri_upload_cleanup_leases.sql,20260908192820,recorded_version_and_name,20260908192820,libri_upload_cleanup_leases,match,not_reaudited,Deployment history match; not a full current-schema audit.,152421344b43c441842b622b0b0aa3dfe1fc5ee0c8b802774db662671380215a
active,supabase/migrations/20260909034006_project_calendar_delete_cleanup.sql,20260909034006,unrecorded,,,no_matching_ledger_entry,selected_effects_present,All three function bodies match; all three calendar-cleanup triggers exist and are enabled. No provider-side deletion was executed to test behavior.,9996ac60f28fe9b05383657caa342534e1d8df1709d0b18270b0adcf39c51baf
active,supabase/migrations/20260909165112_libri_upload_capability_issuance.sql,20260909165112,recorded_version_and_name,20260909165112,libri_upload_capability_issuance,match,not_reaudited,Deployment history match; not a full current-schema audit.,a8edc92cc5c9c61c2191d8ee76497e49d1b27fde77f2d6d9fe5c6eca2030b173
active,supabase/migrations/20260909194302_onboarding_activation_progress.sql,20260909194302,unrecorded,,,no_matching_ledger_entry,confirmed_missing,"users.onboarding_step and users.onboarding_project_id are absent, as is users_onboarding_project_id_idx.",96309e3aba30507c83ea7e94f25548411a577ed45d083241cdf32efd6d3b7fae
active,supabase/migrations/20260910170101_libri_unissued_upload_quota_settlement.sql,20260910170101,unrecorded,,,no_matching_ledger_entry,confirmed_missing,libri.image_upload_intents lacks quota_policy_version and pending_slot_released_at; release_unissued_image_upload_slot is absent and reserve_image_upload differs. The file requires an issuance-broker rollout and upload admission off before deployment.,47c057115ee3dfb7027b43e6dfd5238a7c9ae52f02d79949a9a60f4900637b66
active,supabase/migrations/20260914165546_agentic_chat_workflow_prompt_snapshot.sql,20260914165546,recorded_version_and_name,20260914165546,agentic_chat_workflow_prompt_snapshot,match,not_reaudited,Deployment history match; not a full current-schema audit.,d6c0c032d4411f1e95c5c499f9981f03d830956903dd5c9249df83fc3e8660b1
active,supabase/migrations/20260914203007_agentic_chat_workflow_v1_storage.sql,20260914203007,recorded_version_and_name,20260914203007,agentic_chat_workflow_v1_storage,match,not_reaudited,Deployment history match; not a full current-schema audit.,842a7149f81d45f3144cfd5c2cc8c1442d1c50a3e334f09ec9ad00615ef39116
active,supabase/migrations/20260914203008_agentic_chat_workflow_v1_dispatch_recovery.sql,20260914203008,recorded_version_and_name,20260914203008,agentic_chat_workflow_v1_dispatch_recovery,match,not_reaudited,Deployment history match; not a full current-schema audit.,ae7fbce050ad40daa43a4b0c6e3763796b9ff4187509bf38db8027aa77b4a796
active,supabase/migrations/20260918200000_freshness_radar_ledger.sql,20260918200000,recorded_version_and_name,20260918200000,freshness_radar_ledger,match,not_reaudited,Deployment history match; not a full current-schema audit.,197cae89d257769e461ba45c51c3cfec107dba31776cf3e0a197b6fb36692ab7
active,supabase/migrations/20260918200100_freshness_radar_queue_type.sql,20260918200100,recorded_version_and_name,20260918200100,freshness_radar_queue_type,match,not_reaudited,Deployment history match; not a full current-schema audit.,c3811e1b3fb2081abe096170b0dfbd1c010eeec5317ff03972024836905765ca
active,supabase/migrations/20260918200200_freshness_radar_suggestion_inbox_columns.sql,20260918200200,recorded_version_and_name,20260918200200,freshness_radar_suggestion_inbox_columns,match,not_reaudited,Deployment history match; not a full current-schema audit.,6a263d0fcbd256df5a3984c79806032aa26721717e9092639dd3db6c7a0027ee
active,supabase/migrations/20260918200300_freshness_radar_turn_signal_trigger.sql,20260918200300,recorded_version_and_name,20260918200300,freshness_radar_turn_signal_trigger,match,not_reaudited,Deployment history match; not a full current-schema audit.,eee6fee99ea13e788903e6ea8a6fd24ac346b46718c70c770ec3e13e6bdd8109
active,supabase/migrations/20260920010743_agentic_chat_specialist_snapshots_v2.sql,20260920010743,recorded_version_and_name,20260920010743,agentic_chat_specialist_snapshots_v2,match,not_reaudited,Deployment history match; not a full current-schema audit.,4b274bb5f63d23af728c939ea3624d1565752d6679e9d39848ed2631a36fc0e4
active,supabase/migrations/20260920032259_agentic_chat_document_read_tools_v1.sql,20260920032259,recorded_version_and_name,20260920032259,agentic_chat_document_read_tools_v1,match,not_reaudited,Deployment history match; not a full current-schema audit.,c7ca0c16afa0ee93f9674fe36173792ada83f5b9cd20d08b47e1fa11eac6af6d
active,supabase/migrations/20260920041644_agentic_chat_specialist_selection_shadow_v1.sql,20260920041644,recorded_version_and_name,20260920041644,agentic_chat_specialist_selection_shadow_v1,match,not_reaudited,Deployment history match; not a full current-schema audit.,25463b630a59725119465fbd12335c3a0e99ccaaca777c29c380e70afc4a13d4
active,supabase/migrations/20260920154843_agentic_chat_document_evidence_handoff_v1.sql,20260920154843,recorded_version_and_name,20260920154843,agentic_chat_document_evidence_handoff_v1,match,not_reaudited,Deployment history match; not a full current-schema audit.,6e08a4c41c3f8c06e04e78f6027dad1629993080feeb031a4a3b03d77940792f
active,supabase/migrations/20260920162616_agentic_chat_specialist_workbench_v1.sql,20260920162616,recorded_version_and_name,20260920162616,agentic_chat_specialist_workbench_v1,match,not_reaudited,Deployment history match; not a full current-schema audit.,2d01272177e38ec1fd06d3f92830a3e75a6b96acc34ab8f7000fcc14e53cd94c
active,supabase/migrations/20260921002731_agentic_chat_published_specialist_execution_v1.sql,20260921002731,recorded_version_and_name,20260921002731,agentic_chat_published_specialist_execution_v1,match,not_reaudited,Deployment history match; not a full current-schema audit.,a782c06ed45e2199744cb2b30148bc140970db0bd307f18680d5b63f99f27b9b
active,supabase/migrations/20260921041759_agentic_chat_specialist_recommendations_v1.sql,20260921041759,recorded_version_and_name,20260921041759,agentic_chat_specialist_recommendations_v1,match,not_reaudited,Deployment history match; not a full current-schema audit.,222c0be19559f990f65c0f1639c6b00447ff3a07644d137bd93fba4401fa7800
active,supabase/migrations/20260921042959_agentic_chat_project_review_v2.sql,20260921042959,unrecorded,,,no_matching_ledger_entry,selected_effects_present,"The two v2-only function bodies match. Shared policy and acceptance functions match the later local v3 migration, so v2 is partly superseded.",ae413aaab14e9be7dab03c91d2a6a2863cc5af2475d781de6a93ad73af1aa9f2
active,supabase/migrations/20260921143217_agentic_chat_project_review_v3.sql,20260921143217,unrecorded,,,no_matching_ledger_entry,selected_effects_present,All six v3 function bodies match production and are service-only. Full migration metadata was not certified.,ecedeb2769fd25b86c2b587dbaf248cfbf163c039dbf8a077010ade9c367f1a6
active,supabase/migrations/20260921154425_fix_daily_brief_projectless_scheduling.sql,20260921154425,unrecorded,,,no_matching_ledger_entry,selected_effects_present,Both daily-brief function bodies match; the eligible-user RPC is service-only. History is missing.,c687fb7938bc85145dc2fc37d975a5aa6c44c2efd4d9b9d36881f8eebcc3eda2
active,supabase/migrations/20260922002140_agentic_chat_answer_comparisons_v1.sql,20260922002140,recorded_version_and_name,20260922002140,agentic_chat_answer_comparisons_v1,match,not_reaudited,Deployment history match; not a full current-schema audit.,4bdbe1164708f929c2df68df2ecd95889f89bd837edffc7876e442cf71f1e7f6
active,supabase/migrations/20260922221500_restrict_public_page_writes_to_server.sql,20260922221500,recorded_version_and_name,20260922221500,restrict_public_page_writes_to_server,match,not_reaudited,Deployment history match; not a full current-schema audit.,91a4f57463839702aed84d189e7e8d8c8e2d823356ada59c99868bd9bad8fff1
active,supabase/migrations/20260922230000_chat_capture_checkpoint_queue_type.sql,20260922230000,recorded_version_and_name,20260922230000,chat_capture_checkpoint_queue_type,match,not_reaudited,Deployment history match; not a full current-schema audit.,94cc42214967c5b45b1241fccb6cb5a5096f38f0bbb7f79707c1a6e47fc46d07
active,supabase/migrations/20260922230100_chat_capture_checkpoints.sql,20260922230100,recorded_version_and_name,20260922230100,chat_capture_checkpoints,match,not_reaudited,Deployment history match; not a full current-schema audit.,ee66406043c3436bad38556534b6c36ea056b4fa416a1e3d1548d20c9624ff6f
active,supabase/migrations/20260923000000_guard_user_privileged_columns.sql,20260923000000,recorded_version_and_name,20260923000000,guard_user_privileged_columns,match,not_reaudited,Deployment history match; not a full current-schema audit.,e88a05fe7f1eca7dad34dd746f37b16c6b63f7f708c259ef03e5760fe7126bf7
active,supabase/migrations/20260923000100_pin_onto_asset_storage_paths.sql,20260923000100,recorded_version_and_name,20260923000100,pin_onto_asset_storage_paths,match,not_reaudited,Deployment history match; not a full current-schema audit.,1fc4a5a3b5a60f1b3b735235877f9b8064f41f2494884ce42f0537fe074b49f4
active,supabase/migrations/20260924000000_agentic_chat_reap_stranded_queued_turns.sql,20260924000000,recorded_version_and_name,20260924000000,agentic_chat_reap_stranded_queued_turns,match,not_reaudited,Deployment history match; not a full current-schema audit.,9756564e8bc99a12cea500df145dc1a2eb2ddc9d094d45aa08c7462f007fcce1
active,supabase/migrations/20260924000100_agentic_chat_turn_leases.sql,20260924000100,recorded_version_and_name,20260924000100,agentic_chat_turn_leases,match,not_reaudited,Deployment history match; not a full current-schema audit.,78b9951fe55b3330345db27665e8c496c1c0def9b78933951b30619a982e3df9
active,supabase/migrations/20260924120000_email_scan_checks.sql,20260924120000,unrecorded,,,no_matching_ledger_entry,schema_effects_present,"All eight columns/types/nullability/defaults, primary key, both cascading foreign keys, three checks, valid/ready indexes, RLS, comment, and effective service-only grants match. Schema is present despite missing history.",4300bd984198cb96707401b68c87d39ab6ef845f28e9424c052b4bb4887a080a
active,supabase/migrations/20260924150000_agentic_chat_lock_free_turn_checks.sql,20260924150000,recorded_version_and_name,20260924150000,agentic_chat_lock_free_turn_checks,match,not_reaudited,Deployment history match; not a full current-schema audit.,1aa0e8d1293f6a4b957b96ac71f970bc111cdbf8508b5df6d5f8053217bcd7b5
active,supabase/migrations/20260924190000_privacy_retention.sql,20260924190000,recorded_version_and_name,20260924190000,privacy_retention,match,not_reaudited,Deployment history match; not a full current-schema audit.,784640fd850e9b0687bc394e443d7710164f8d0a304f4cc7e073cb291d7a4c5c
active,supabase/migrations/20260924190100_account_deletion_completeness.sql,20260924190100,recorded_version_and_name,20260924190100,account_deletion_completeness,match,not_reaudited,Deployment history match; not a full current-schema audit.,ce80b74ef1507b391fd09e27bc5f7c8db9773e40bbdab9ba9a3d2927ca55ae70
active,supabase/migrations/20260924190110_libri_account_deletion_purge.sql,20260924190110,recorded_version_and_name,20260924190110,libri_account_deletion_purge,match,not_reaudited,Deployment history match; not a full current-schema audit.,42355a7e1f3312996d23ca14b95ee8fcde815a3bdad0d97bd2bf952c8068603b
active,supabase/migrations/20260924190200_redact_stored_pass_through_tool_results.sql,20260924190200,recorded_version_and_name,20260924190200,redact_stored_pass_through_tool_results,match,not_reaudited,Deployment history match; not a full current-schema audit.,c9c2f764cbd041deaa998c60442eed4e026bd165da21752f6f9767ab65b8cd53
active,supabase/migrations/20260924190250_user_data_export_queue_type.sql,20260924190250,recorded_version_and_name,20260924190250,user_data_export_queue_type,match,not_reaudited,Deployment history match; not a full current-schema audit.,0b8a14421e81c75c8ef6fb641dad1bf25b2229bdbd340d5daab56eafcb6edc4c
active,supabase/migrations/20260924190300_user_data_panel_and_exports.sql,20260924190300,recorded_version_and_name,20260924190300,user_data_panel_and_exports,match,not_reaudited,Deployment history match; not a full current-schema audit.,3f40238c2292c6b81f55638a07b236f3573f80a2f8f9a23dca70d72e840f73cf
active,supabase/migrations/20260924190350_task_archive_state.sql,20260924190350,recorded_version_and_name,20260924190350,task_archive_state,match,not_reaudited,Deployment history match; not a full current-schema audit.,163ab787c59181b72be657b951ae09d7b04c3b09b86b4a71dcf035a6ba8c8127
active,supabase/migrations/20260924190400_purge_soft_deleted_items.sql,20260924190400,recorded_version_and_name,20260924190400,purge_soft_deleted_items,match,not_reaudited,Deployment history match; not a full current-schema audit.,4ab47eb38b81b4706df626397dcf7bb257f13dd8838cf8130a3811ceae511652
active,supabase/migrations/20260924190500_calendar_analysis_minimal_events.sql,20260924190500,recorded_version_and_name,20260924190500,calendar_analysis_minimal_events,match,not_reaudited,Deployment history match; not a full current-schema audit.,00e5dbec1c10c9ce10136b97c18127ad7635a7884006fe7a9335b1fe4cb821f0
active,supabase/migrations/20260924190600_privacy_gaps.sql,20260924190600,recorded_version_and_name,20260924190600,privacy_gaps,match,not_reaudited,Deployment history match; not a full current-schema audit.,75f9b9478f35932688bcc84adb798d866eb86f8bee7cddeb6208c2c93ef462c8
active,supabase/migrations/20260924193000_task_create_project_lock_first.sql,20260924193000,unrecorded,,,no_matching_ledger_entry,confirmed_missing,The production task-create function differs from the local body and lacks v_lock_project_id; the lock-first fix is absent.,c9b03692b8131c5141d7e81d5d3b5fb1c8cd67274dd5fa9b433c8cf4d95192ff
active,supabase/migrations/20260924202321_contain_legacy_admin_rpcs.sql,20260924202321,unrecorded,,,no_matching_ledger_entry,confirmed_missing,The phase RPC still exists. Both retained admin RPCs are still SECURITY DEFINER and executable by anon/authenticated; containment is absent.,c19c4eaa0518917f5382682f4082b54be97dc72111396ef2f00ba6f02833c030
archive,supabase/migrations/applied_backup/20251120_cleanup_remaining_task_docs.sql,20251120,unrecorded,,,no_matching_ledger_entry,archived_not_verified,"Archived backup, outside the active migration sequence; no matching production ledger entry.",756fa487ede54d8adb21cdf571e5fc662060ab7ecfbf4cdbe0a583b7e076593c
archive,supabase/migrations/applied_backup/20251120_convert_task_docs_to_edges.sql,20251120,unrecorded,,,no_matching_ledger_entry,archived_not_verified,"Archived backup, outside the active migration sequence; no matching production ledger entry.",050984172d67ad7cc26830461a139a1ac477f9618cee211496322637f8414dfb
archive,supabase/migrations/applied_backup/20251120_create_specific_missing_templates.sql,20251120,unrecorded,,,no_matching_ledger_entry,archived_not_verified,"Archived backup, outside the active migration sequence; no matching production ledger entry.",a64cb989e778054de31e1b53d76b46aca8a8ae81976b0d5db4017ccd6bd2d973
archive,supabase/migrations/applied_backup/20260129_hierarchical_documents/20260129000001_add_doc_structure.sql,20260129000001,unrecorded,,,no_matching_ledger_entry,archived_not_verified,"Archived backup, outside the active migration sequence; no matching production ledger entry.",a67a585ff8fc4fa49746dd2a1896ed6a87aa5171e205db13dbd04449edb5fe0b
archive,supabase/migrations/applied_backup/20260129_hierarchical_documents/20260129000002_add_document_children.sql,20260129000002,unrecorded,,,no_matching_ledger_entry,archived_not_verified,"Archived backup, outside the active migration sequence; no matching production ledger entry.",7eee4472223313debb4cc3d6c97abbc4c14fa4c4d4bf398d6458cc6bcf841e2c
archive,supabase/migrations/applied_backup/20260129_hierarchical_documents/20260129000003_add_structure_history.sql,20260129000003,unrecorded,,,no_matching_ledger_entry,archived_not_verified,"Archived backup, outside the active migration sequence; no matching production ledger entry.",5c378d84f32b5c4b1f22ccf39fe11c267b702c686d578b6957e173c347c728be
archive,supabase/migrations/applied_backup/20260129_hierarchical_documents/20260129000004_remove_document_edges.sql,20260129000004,unrecorded,,,no_matching_ledger_entry,archived_not_verified,"Archived backup, outside the active migration sequence; no matching production ledger entry.",23e5de7c9b575e06390ccf8cbffe0662472779f4dd3ca6b0b0634d4530a013c1
